city_dep,city_dest,date_depart,price,trip_url,dep_iata,dest_iata,country_dep,country_dest
Amsterdam,Dublin,8 Jan - 11 Jan,70,https://tp.media/r?marker=598952&trs=394660&p=4114&u=https%3A%2F%2Fwww.aviasales.com%2Fsearch%2FAMS0801DUB11011%3Fdestination_airports%3D0&campaign_id=100,,DUB,Netherlands,Ireland
Amsterdam,Manchester,22 Jan - 26 Jan,92,https://tp.media/r?marker=598952&trs=394660&p=4114&u=https%3A%2F%2Fwww.aviasales.com%2Fsearch%2FAMS2201MAN26011%3Fdestination_airports%3D0&campaign_id=100,,MAN,Netherlands,United Kingdom
Amsterdam,Milan,4 Feb - 11 Feb,104,https://tp.media/r?marker=598952&trs=394660&p=4114&u=https%3A%2F%2Fwww.aviasales.com%2Fsearch%2FAMS0402MIL11021%3Fdestination_airports%3D0&campaign_id=100,,MIL,Netherlands,Italy
Amsterdam,Prague,12 Feb - 15 Feb,107,https://tp.media/r?marker=598952&trs=394660&p=4114&u=https%3A%2F%2Fwww.aviasales.com%2Fsearch%2FAMS1202PRG15021%3Fdestination_airports%3D0&campaign_id=100,,PRG,Netherlands,Czech Republic
Amsterdam,Nice,6 Feb - 9 Feb,111,https://tp.media/r?marker=598952&trs=394660&p=4114&u=https%3A%2F%2Fwww.aviasales.com%2Fsearch%2FAMS0602NCE09021%3Fdestination_airports%3D0&campaign_id=100,,NCE,Netherlands,France
Amsterdam,Alicante,23 Jan - 3 Feb,119,https://tp.media/r?marker=598952&trs=394660&p=4114&u=https%3A%2F%2Fwww.aviasales.com%2Fsearch%2FAMS2301ALC11%3Fdestination_airports%3D0&campaign_id=100,,ALC,Netherlands,Spain
Amsterdam,Paris,8 Jan - 11 Jan,129,https://tp.media/r?marker=598952&trs=394660&p=4114&u=https%3A%2F%2Fwww.aviasales.com%2Fsearch%2FAMS0801PAR11011%3Fdestination_airports%3D0&campaign_id=100,,PAR,Netherlands,France
Amsterdam,Newcastle,5 Feb - 12 Feb,130,https://tp.media/r?marker=598952&trs=394660&p=4114&u=https%3A%2F%2Fwww.aviasales.com%2Fsearch%2FAMS0502NCL12021%3Fdestination_airports%3D0&campaign_id=100,,NCL,Netherlands,United Kingdom
Amsterdam,Madrid,22 Jan - 25 Jan,133,https://tp.media/r?marker=598952&trs=394660&p=4114&u=https%3A%2F%2Fwww.aviasales.com%2Fsearch%2FAMS2201MAD25011%3Fdestination_airports%3D0&campaign_id=100,,MAD,Netherlands,Spain
Amsterdam,Lisbon,15 Jan - 18 Jan,134,https://tp.media/r?marker=598952&trs=394660&p=4114&u=https%3A%2F%2Fwww.aviasales.com%2Fsearch%2FAMS1501LIS18011%3Fdestination_airports%3D0&campaign_id=100,,LIS,Netherlands,Portugal
Amsterdam,Naples,13 Apr - 19 Apr,146,https://tp.media/r?marker=598952&trs=394660&p=4114&u=https%3A%2F%2Fwww.aviasales.com%2Fsearch%2FAMS1304NAP19041%3Fdestination_airports%3D0&campaign_id=100,,NAP,Netherlands,Italy
Amsterdam,Oslo,5 Feb - 12 Feb,154,https://tp.media/r?marker=598952&trs=394660&p=4114&u=https%3A%2F%2Fwww.aviasales.com%2Fsearch%2FAMS0502OSL12021%3Fdestination_airports%3D0&campaign_id=100,,OSL,Netherlands,Norway
Amsterdam,Istanbul,8 Jan - 11 Jan,155,https://tp.media/r?marker=598952&trs=394660&p=4114&u=https%3A%2F%2Fwww.aviasales.com%2Fsearch%2FAMS0801IST11011%3Fdestination_airports%3D0&campaign_id=100,,IST,Netherlands,Turkey
Amsterdam,Porto,30 Jan - 2 Feb,158,https://tp.media/r?marker=598952&trs=394660&p=4114&u=https%3A%2F%2Fwww.aviasales.com%2Fsearch%2FAMS3001OPO11%3Fdestination_airports%3D0&campaign_id=100,,OPO,Netherlands,Portugal
Amsterdam,Riga,5 Feb - 12 Feb,159,https://tp.media/r?marker=598952&trs=394660&p=4114&u=https%3A%2F%2Fwww.aviasales.com%2Fsearch%2FAMS0502RIX12021%3Fdestination_airports%3D0&campaign_id=100,,RIX,Netherlands,Latvia
Amsterdam,Nantes,5 Feb - 9 Feb,162,https://tp.media/r?marker=598952&trs=394660&p=4114&u=https%3A%2F%2Fwww.aviasales.com%2Fsearch%2FAMS0502NTE09021%3Fdestination_airports%3D0&campaign_id=100,,NTE,Netherlands,France
Amsterdam,Rome,16 Mar - 19 Mar,166,https://tp.media/r?marker=598952&trs=394660&p=4114&u=https%3A%2F%2Fwww.aviasales.com%2Fsearch%2FAMS1603ROM19031%3Fdestination_airports%3D0&campaign_id=100,,ROM,Netherlands,Italy
Amsterdam,Marseille,5 Feb - 12 Feb,167,https://tp.media/r?marker=598952&trs=394660&p=4114&u=https%3A%2F%2Fwww.aviasales.com%2Fsearch%2FAMS0502MRS12021%3Fdestination_airports%3D0&campaign_id=100,,MRS,Netherlands,France
Amsterdam,Vilnius,5 Feb - 12 Feb,168,https://tp.media/r?marker=598952&trs=394660&p=4114&u=https%3A%2F%2Fwww.aviasales.com%2Fsearch%2FAMS0502VNO12021%3Fdestination_airports%3D0&campaign_id=100,,VNO,Netherlands,Lithuania
Amsterdam,Toulouse,5 Feb - 12 Feb,170,https://tp.media/r?marker=598952&trs=394660&p=4114&u=https%3A%2F%2Fwww.aviasales.com%2Fsearch%2FAMS0502TLS12021%3Fdestination_airports%3D0&campaign_id=100,,TLS,Netherlands,France
Amsterdam,Munich,2 Jan - 5 Jan,172,https://tp.media/r?marker=598952&trs=394660&p=4114&u=https%3A%2F%2Fwww.aviasales.com%2Fsearch%2FAMS0201MUC05011%3Fdestination_airports%3D0&campaign_id=100,,MUC,Netherlands,Germany
Amsterdam,Duesseldorf,19 Jan - 26 Jan,178,https://tp.media/r?marker=598952&trs=394660&p=4114&u=https%3A%2F%2Fwww.aviasales.com%2Fsearch%2FAMS1901DUS26011%3Fdestination_airports%3D0&campaign_id=100,,DUS,Netherlands,Germany
Amsterdam,Tallinn,13 Mar - 16 Mar,184,https://tp.media/r?marker=598952&trs=394660&p=4114&u=https%3A%2F%2Fwww.aviasales.com%2Fsearch%2FAMS1303TLL16031%3Fdestination_airports%3D0&campaign_id=100,,TLL,Netherlands,Estonia
Amsterdam,Berlin,29 Dec - 1 Jan,203,https://tp.media/r?marker=598952&trs=394660&p=4114&u=https%3A%2F%2Fwww.aviasales.com%2Fsearch%2FAMS2912BER01011%3Fdestination_airports%3D0&campaign_id=100,,BER,Netherlands,Germany
Amsterdam,Helsinki,22 Jan - 25 Jan,211,https://tp.media/r?marker=598952&trs=394660&p=4114&u=https%3A%2F%2Fwww.aviasales.com%2Fsearch%2FAMS2201HEL25011%3Fdestination_airports%3D0&campaign_id=100,,HEL,Netherlands,Finland
Amsterdam,Sofia,26 May - 29 May,214,https://tp.media/r?marker=598952&trs=394660&p=4114&u=https%3A%2F%2Fwww.aviasales.com%2Fsearch%2FAMS2605SOF29051%3Fdestination_airports%3D0&campaign_id=100,,SOF,Netherlands,Bulgaria
Amsterdam,Stockholm,30 Dec - 2 Jan,322,https://tp.media/r?marker=598952&trs=394660&p=4114&u=https%3A%2F%2Fwww.aviasales.com%2Fsearch%2FAMS3012STO02011%3Fdestination_airports%3D0&campaign_id=100,,STO,Netherlands,Sweden
Amsterdam,Stavanger,26 Dec - 1 Jan,329,https://tp.media/r?marker=598952&trs=394660&p=4114&u=https%3A%2F%2Fwww.aviasales.com%2Fsearch%2FAMS2612SVG01011%3Fdestination_airports%3D0&campaign_id=100,,SVG,Netherlands,Norway
Amsterdam,Bordeaux,12 Feb - 15 Feb,345,https://tp.media/r?marker=598952&trs=394660&p=4114&u=https%3A%2F%2Fwww.aviasales.com%2Fsearch%2FAMS1202BOD15021%3Fdestination_airports%3D0&campaign_id=100,,BOD,Netherlands,France
Amsterdam,Lyon,15 Jan - 19 Jan,973,https://tp.media/r?marker=598952&trs=394660&p=4114&u=https%3A%2F%2Fwww.aviasales.com%2Fsearch%2FAMS1501LYS19011%3Fdestination_airports%3D0&campaign_id=100,,LYS,Netherlands,France
Athens,Tirana,15 Jan - 18 Jan,62,https://tp.media/r?marker=598952&trs=394660&p=4114&u=https%3A%2F%2Fwww.aviasales.com%2Fsearch%2FATH1501TIA18011%3Fdestination_airports%3D0&campaign_id=100,,TIA,Greece,Albania
Athens,Heraklion,15 Jan - 18 Jan,69,https://tp.media/r?marker=598952&trs=394660&p=4114&u=https%3A%2F%2Fwww.aviasales.com%2Fsearch%2FATH1501HER18011%3Fdestination_airports%3D0&campaign_id=100,,HER,Greece,Greece
Athens,Istanbul,16 Jan - 19 Jan,79,https://tp.media/r?marker=598952&trs=394660&p=4114&u=https%3A%2F%2Fwww.aviasales.com%2Fsearch%2FATH1601IST19011%3Fdestination_airports%3D0&campaign_id=100,,IST,Greece,Turkey
Athens,Rhodes,20 Jan - 27 Jan,86,https://tp.media/r?marker=598952&trs=394660&p=4114&u=https%3A%2F%2Fwww.aviasales.com%2Fsearch%2FATH2001RHO27011%3Fdestination_airports%3D0&campaign_id=100,,RHO,Greece,Greece
Athens,Paris,5 Feb - 11 Feb,91,https://tp.media/r?marker=598952&trs=394660&p=4114&u=https%3A%2F%2Fwww.aviasales.com%2Fsearch%2FATH0502PAR11021%3Fdestination_airports%3D0&campaign_id=100,,PAR,Greece,France
Athens,Budapest,7 Jan - 11 Jan,101,https://tp.media/r?marker=598952&trs=394660&p=4114&u=https%3A%2F%2Fwww.aviasales.com%2Fsearch%2FATH0701BUD11011%3Fdestination_airports%3D0&campaign_id=100,,BUD,Greece,Hungary
Athens,Larnaca,19 Jan - 25 Jan,119,https://tp.media/r?marker=598952&trs=394660&p=4114&u=https%3A%2F%2Fwww.aviasales.com%2Fsearch%2FATH1901LCA25011%3Fdestination_airports%3D0&campaign_id=100,,LCA,Greece,Cyprus
Athens,Madrid,9 Jan - 16 Jan,123,https://tp.media/r?marker=598952&trs=394660&p=4114&u=https%3A%2F%2Fwww.aviasales.com%2Fsearch%2FATH0901MAD16011%3Fdestination_airports%3D0&campaign_id=100,,MAD,Greece,Spain
Athens,Luxembourg,8 Jan - 12 Jan,136,https://tp.media/r?marker=598952&trs=394660&p=4114&u=https%3A%2F%2Fwww.aviasales.com%2Fsearch%2FATH0801LUX12011%3Fdestination_airports%3D0&campaign_id=100,,LUX,Greece,Luxembourg
Athens,Nice,4 Feb - 11 Feb,137,https://tp.media/r?marker=598952&trs=394660&p=4114&u=https%3A%2F%2Fwww.aviasales.com%2Fsearch%2FATH0402NCE11021%3Fdestination_airports%3D0&campaign_id=100,,NCE,Greece,France
Athens,Bari,29 Jul - 7 Aug,138,https://tp.media/r?marker=598952&trs=394660&p=4114&u=https%3A%2F%2Fwww.aviasales.com%2Fsearch%2FATH2907BRI07081%3Fdestination_airports%3D0&campaign_id=100,,BRI,Greece,Italy
Athens,Podgorica,8 Jan - 12 Jan,142,https://tp.media/r?marker=598952&trs=394660&p=4114&u=https%3A%2F%2Fwww.aviasales.com%2Fsearch%2FATH0801TGD12011%3Fdestination_airports%3D0&campaign_id=100,,TGD,Greece,Montenegro
Athens,Torino,8 Jan - 14 Jan,144,https://tp.media/r?marker=598952&trs=394660&p=4114&u=https%3A%2F%2Fwww.aviasales.com%2Fsearch%2FATH0801TRN14011%3Fdestination_airports%3D0&campaign_id=100,,TRN,Greece,Torino
Athens,Montpellier,7 Apr - 21 Apr,145,https://tp.media/r?marker=598952&trs=394660&p=4114&u=https%3A%2F%2Fwww.aviasales.com%2Fsearch%2FATH0704MPL21041%3Fdestination_airports%3D0&campaign_id=100,,MPL,Greece,France
Athens,Karlsruhe baden baden,5 Feb - 12 Feb,145,https://tp.media/r?marker=598952&trs=394660&p=4114&u=https%3A%2F%2Fwww.aviasales.com%2Fsearch%2FATH0502FKB12021%3Fdestination_airports%3D0&campaign_id=100,,FKB,Greece,Germany
Athens,Nantes,9 Feb - 17 Feb,152,https://tp.media/r?marker=598952&trs=394660&p=4114&u=https%3A%2F%2Fwww.aviasales.com%2Fsearch%2FATH0902NTE17021%3Fdestination_airports%3D0&campaign_id=100,,NTE,Greece,France
Athens,Dubrovnik,29 May - 5 Jun,159,https://tp.media/r?marker=598952&trs=394660&p=4114&u=https%3A%2F%2Fwww.aviasales.com%2Fsearch%2FATH2905DBV05061%3Fdestination_airports%3D0&campaign_id=100,,DBV,Greece,Croatia
Athens,Izmir,6 Jan - 10 Jan,161,https://tp.media/r?marker=598952&trs=394660&p=4114&u=https%3A%2F%2Fwww.aviasales.com%2Fsearch%2FATH0601ADB10011%3Fdestination_airports%3D0&campaign_id=100,,ADB,Greece,Turkey
Athens,Malaga,15 Apr - 25 Apr,168,https://tp.media/r?marker=598952&trs=394660&p=4114&u=https%3A%2F%2Fwww.aviasales.com%2Fsearch%2FATH1504AGP25041%3Fdestination_airports%3D0&campaign_id=100,,AGP,Greece,Spain
Athens,Rome,25 Dec - 3 Jan,171,https://tp.media/r?marker=598952&trs=394660&p=4114&u=https%3A%2F%2Fwww.aviasales.com%2Fsearch%2FATH2512ROM03011%3Fdestination_airports%3D0&campaign_id=100,,ROM,Greece,Italy
Athens,Belgrade,7 Jan - 11 Jan,177,https://tp.media/r?marker=598952&trs=394660&p=4114&u=https%3A%2F%2Fwww.aviasales.com%2Fsearch%2FATH0701BEG11011%3Fdestination_airports%3D0&campaign_id=100,,BEG,Greece,Serbia
Athens,Sevilla,16 Apr - 24 Apr,193,https://tp.media/r?marker=598952&trs=394660&p=4114&u=https%3A%2F%2Fwww.aviasales.com%2Fsearch%2FATH1604SVQ24041%3Fdestination_airports%3D0&campaign_id=100,,SVQ,Greece,Spain
Athens,Strasbourg,4 Feb - 11 Feb,217,https://tp.media/r?marker=598952&trs=394660&p=4114&u=https%3A%2F%2Fwww.aviasales.com%2Fsearch%2FATH0402SXB11021%3Fdestination_airports%3D0&campaign_id=100,,SXB,Greece,France
Athens,Brindisi,29 Jul - 7 Aug,218,https://tp.media/r?marker=598952&trs=394660&p=4114&u=https%3A%2F%2Fwww.aviasales.com%2Fsearch%2FATH2907BDS07081%3Fdestination_airports%3D0&campaign_id=100,,BDS,Greece,Italy
Athens,Lille,7 Jan - 11 Jan,271,https://tp.media/r?marker=598952&trs=394660&p=4114&u=https%3A%2F%2Fwww.aviasales.com%2Fsearch%2FATH0701LIL11011%3Fdestination_airports%3D0&campaign_id=100,,LIL,Greece,France
Athens,Stuttgart,5 Feb - 12 Feb,278,https://tp.media/r?marker=598952&trs=394660&p=4114&u=https%3A%2F%2Fwww.aviasales.com%2Fsearch%2FATH0502STR12021%3Fdestination_airports%3D0&campaign_id=100,,STR,Greece,Germany
Athens,Bastia,5 Feb - 12 Feb,280,https://tp.media/r?marker=598952&trs=394660&p=4114&u=https%3A%2F%2Fwww.aviasales.com%2Fsearch%2FATH0502BIA12021%3Fdestination_airports%3D0&campaign_id=100,,BIA,Greece,Corsica
Athens,Porto,27 Dec - 3 Jan,304,https://tp.media/r?marker=598952&trs=394660&p=4114&u=https%3A%2F%2Fwww.aviasales.com%2Fsearch%2FATH2712OPO03011%3Fdestination_airports%3D0&campaign_id=100,,OPO,Greece,Portugal
Athens,Marseille,1 May - 8 May,329,https://tp.media/r?marker=598952&trs=394660&p=4114&u=https%3A%2F%2Fwww.aviasales.com%2Fsearch%2FATH0105MRS08051%3Fdestination_airports%3D0&campaign_id=100,,MRS,Greece,France
Athens,Bordeaux,7 Feb - 14 Feb,432,https://tp.media/r?marker=598952&trs=394660&p=4114&u=https%3A%2F%2Fwww.aviasales.com%2Fsearch%2FATH0702BOD14021%3Fdestination_airports%3D0&campaign_id=100,,BOD,Greece,France
Athens,Lyon,23 Jan - 26 Jan,702,https://tp.media/r?marker=598952&trs=394660&p=4114&u=https%3A%2F%2Fwww.aviasales.com%2Fsearch%2FATH2301LYS26011%3Fdestination_airports%3D0&campaign_id=100,,LYS,Greece,France
Athens,Toulouse,12 Jan - 19 Jan,813,https://tp.media/r?marker=598952&trs=394660&p=4114&u=https%3A%2F%2Fwww.aviasales.com%2Fsearch%2FATH1201TLS19011%3Fdestination_airports%3D0&campaign_id=100,,TLS,Greece,France
Budapest,Milan,29 Jan - 1 Feb,41,https://tp.media/r?marker=598952&trs=394660&p=4114&u=https%3A%2F%2Fwww.aviasales.com%2Fsearch%2FBUD2901MIL11%3Fdestination_airports%3D0&campaign_id=100,,MIL,Hungary,Italy
Budapest,Berlin,22 Jan - 26 Jan,49,https://tp.media/r?marker=598952&trs=394660&p=4114&u=https%3A%2F%2Fwww.aviasales.com%2Fsearch%2FBUD2201BER26011%3Fdestination_airports%3D0&campaign_id=100,,BER,Hungary,Germany
Budapest,Madrid,24 Jan - 31 Jan,64,https://tp.media/r?marker=598952&trs=394660&p=4114&u=https%3A%2F%2Fwww.aviasales.com%2Fsearch%2FBUD2401MAD31011%3Fdestination_airports%3D0&campaign_id=100,,MAD,Hungary,Spain
Budapest,Istanbul,4 Mar - 9 Mar,70,https://tp.media/r?marker=598952&trs=394660&p=4114&u=https%3A%2F%2Fwww.aviasales.com%2Fsearch%2FBUD0403IST09031%3Fdestination_airports%3D0&campaign_id=100,,IST,Hungary,Turkey
Budapest,Malaga,26 Jan - 3 Feb,70,https://tp.media/r?marker=598952&trs=394660&p=4114&u=https%3A%2F%2Fwww.aviasales.com%2Fsearch%2FBUD2601AGP11%3Fdestination_airports%3D0&campaign_id=100,,AGP,Hungary,Spain
Budapest,Paris,21 Jan - 28 Jan,76,https://tp.media/r?marker=598952&trs=394660&p=4114&u=https%3A%2F%2Fwww.aviasales.com%2Fsearch%2FBUD2101PAR28011%3Fdestination_airports%3D0&campaign_id=100,,PAR,Hungary,France
Budapest,Bilbao,9 Jan - 12 Jan,82,https://tp.media/r?marker=598952&trs=394660&p=4114&u=https%3A%2F%2Fwww.aviasales.com%2Fsearch%2FBUD0901BIO12011%3Fdestination_airports%3D0&campaign_id=100,,BIO,Hungary,Spain
Budapest,Toulouse,27 Dec - 31 Dec,94,https://tp.media/r?marker=598952&trs=394660&p=4114&u=https%3A%2F%2Fwww.aviasales.com%2Fsearch%2FBUD2712TLS31121%3Fdestination_airports%3D0&campaign_id=100,,TLS,Hungary,France
Budapest,Marseille,6 Feb - 13 Feb,105,https://tp.media/r?marker=598952&trs=394660&p=4114&u=https%3A%2F%2Fwww.aviasales.com%2Fsearch%2FBUD0602MRS13021%3Fdestination_airports%3D0&campaign_id=100,,MRS,Hungary,France
Budapest,Nice,25 Mar - 28 Mar,109,https://tp.media/r?marker=598952&trs=394660&p=4114&u=https%3A%2F%2Fwww.aviasales.com%2Fsearch%2FBUD2503NCE28031%3Fdestination_airports%3D0&campaign_id=100,,NCE,Hungary,France
Budapest,Bordeaux,22 Jan - 25 Jan,112,https://tp.media/r?marker=598952&trs=394660&p=4114&u=https%3A%2F%2Fwww.aviasales.com%2Fsearch%2FBUD2201BOD25011%3Fdestination_airports%3D0&campaign_id=100,,BOD,Hungary,France
Budapest,Porto,11 Mar - 18 Mar,118,https://tp.media/r?marker=598952&trs=394660&p=4114&u=https%3A%2F%2Fwww.aviasales.com%2Fsearch%2FBUD1103OPO18031%3Fdestination_airports%3D0&campaign_id=100,,OPO,Hungary,Portugal
Budapest,Luxembourg,22 Jan - 25 Jan,120,https://tp.media/r?marker=598952&trs=394660&p=4114&u=https%3A%2F%2Fwww.aviasales.com%2Fsearch%2FBUD2201LUX25011%3Fdestination_airports%3D0&campaign_id=100,,LUX,Hungary,Luxembourg
Budapest,Riga,22 Jan - 25 Jan,130,https://tp.media/r?marker=598952&trs=394660&p=4114&u=https%3A%2F%2Fwww.aviasales.com%2Fsearch%2FBUD2201RIX25011%3Fdestination_airports%3D0&campaign_id=100,,RIX,Hungary,Latvia
Budapest,Lyon,5 Feb - 12 Feb,139,https://tp.media/r?marker=598952&trs=394660&p=4114&u=https%3A%2F%2Fwww.aviasales.com%2Fsearch%2FBUD0502LYS12021%3Fdestination_airports%3D0&campaign_id=100,,LYS,Hungary,France
Budapest,Katowice,2 Jan - 5 Jan,158,https://tp.media/r?marker=598952&trs=394660&p=4114&u=https%3A%2F%2Fwww.aviasales.com%2Fsearch%2FBUD0201KTW05011%3Fdestination_airports%3D0&campaign_id=100,,KTW,Hungary,Poland
Budapest,Dortmund,5 Jan - 8 Jan,166,https://tp.media/r?marker=598952&trs=394660&p=4114&u=https%3A%2F%2Fwww.aviasales.com%2Fsearch%2FBUD0501DTM08011%3Fdestination_airports%3D0&campaign_id=100,,DTM,Hungary,Germany
Budapest,Kos,4 Feb - 11 Feb,176,https://tp.media/r?marker=598952&trs=394660&p=4114&u=https%3A%2F%2Fwww.aviasales.com%2Fsearch%2FBUD0402KGS11021%3Fdestination_airports%3D0&campaign_id=100,,KGS,Hungary,Greece
Budapest,Nantes,22 May - 29 May,180,https://tp.media/r?marker=598952&trs=394660&p=4114&u=https%3A%2F%2Fwww.aviasales.com%2Fsearch%2FBUD2205NTE29051%3Fdestination_airports%3D0&campaign_id=100,,NTE,Hungary,France
Budapest,Amsterdam,28 Jan - 2 Feb,187,https://tp.media/r?marker=598952&trs=394660&p=4114&u=https%3A%2F%2Fwww.aviasales.com%2Fsearch%2FBUD2801AMS11%3Fdestination_airports%3D0&campaign_id=100,,AMS,Hungary,Netherlands
Budapest,Eindhoven,5 Jan - 8 Jan,187,https://tp.media/r?marker=598952&trs=394660&p=4114&u=https%3A%2F%2Fwww.aviasales.com%2Fsearch%2FBUD0501EIN08011%3Fdestination_airports%3D0&campaign_id=100,,EIN,Hungary,Netherlands
Budapest,Lisbon,11 Apr - 18 Apr,200,https://tp.media/r?marker=598952&trs=394660&p=4114&u=https%3A%2F%2Fwww.aviasales.com%2Fsearch%2FBUD1104LIS18041%3Fdestination_airports%3D0&campaign_id=100,,LIS,Hungary,Portugal
Budapest,Rennes,9 Jan - 13 Jan,217,https://tp.media/r?marker=598952&trs=394660&p=4114&u=https%3A%2F%2Fwww.aviasales.com%2Fsearch%2FBUD0901RNS13011%3Fdestination_airports%3D0&campaign_id=100,,RNS,Hungary,France
Budapest,Glasgow,10 Jul - 13 Jul,224,https://tp.media/r?marker=598952&trs=394660&p=4114&u=https%3A%2F%2Fwww.aviasales.com%2Fsearch%2FBUD1007GLA13071%3Fdestination_airports%3D0&campaign_id=100,,GLA,Hungary,United Kingdom
Budapest,Santander,9 Jan - 12 Jan,244,https://tp.media/r?marker=598952&trs=394660&p=4114&u=https%3A%2F%2Fwww.aviasales.com%2Fsearch%2FBUD0901SDR12011%3Fdestination_airports%3D0&campaign_id=100,,SDR,Hungary,Spain
Budapest,Tirana,9 Jan - 12 Jan,256,https://tp.media/r?marker=598952&trs=394660&p=4114&u=https%3A%2F%2Fwww.aviasales.com%2Fsearch%2FBUD0901TIA12011%3Fdestination_airports%3D0&campaign_id=100,,TIA,Hungary,Albania
Budapest,Brest,6 Jan - 10 Jan,261,https://tp.media/r?marker=598952&trs=394660&p=4114&u=https%3A%2F%2Fwww.aviasales.com%2Fsearch%2FBUD0601BES10011%3Fdestination_airports%3D0&campaign_id=100,,BES,Hungary,France
Budapest,Duesseldorf,5 Jan - 8 Jan,295,https://tp.media/r?marker=598952&trs=394660&p=4114&u=https%3A%2F%2Fwww.aviasales.com%2Fsearch%2FBUD0501DUS08011%3Fdestination_airports%3D0&campaign_id=100,,DUS,Hungary,Germany
Budapest,Lille,6 Jan - 10 Jan,365,https://tp.media/r?marker=598952&trs=394660&p=4114&u=https%3A%2F%2Fwww.aviasales.com%2Fsearch%2FBUD0601LIL10011%3Fdestination_airports%3D0&campaign_id=100,,LIL,Hungary,France
Helsinki,Stockholm,9 Sep - 16 Sep,47,https://tp.media/r?marker=598952&trs=394660&p=4114&u=https%3A%2F%2Fwww.aviasales.com%2Fsearch%2FHEL0909STO16091%3Fdestination_airports%3D0&campaign_id=100,,STO,Finland,Sweden
Helsinki,Riga,15 Jan - 19 Jan,73,https://tp.media/r?marker=598952&trs=394660&p=4114&u=https%3A%2F%2Fwww.aviasales.com%2Fsearch%2FHEL1501RIX19011%3Fdestination_airports%3D0&campaign_id=100,,RIX,Finland,Latvia
Helsinki,Oulu,4 Feb - 10 Feb,123,https://tp.media/r?marker=598952&trs=394660&p=4114&u=https%3A%2F%2Fwww.aviasales.com%2Fsearch%2FHEL0402OUL10021%3Fdestination_airports%3D0&campaign_id=100,,OUL,Finland,Finland
Helsinki,Rovaniemi,8 Jan - 11 Jan,124,https://tp.media/r?marker=598952&trs=394660&p=4114&u=https%3A%2F%2Fwww.aviasales.com%2Fsearch%2FHEL0801RVN11011%3Fdestination_airports%3D0&campaign_id=100,,RVN,Finland,Finland
Helsinki,Prague,9 Mar - 16 Mar,133,https://tp.media/r?marker=598952&trs=394660&p=4114&u=https%3A%2F%2Fwww.aviasales.com%2Fsearch%2FHEL0903PRG16031%3Fdestination_airports%3D0&campaign_id=100,,PRG,Finland,Czech Republic
Helsinki,Manchester,5 Feb - 12 Feb,167,https://tp.media/r?marker=598952&trs=394660&p=4114&u=https%3A%2F%2Fwww.aviasales.com%2Fsearch%2FHEL0502MAN12021%3Fdestination_airports%3D0&campaign_id=100,,MAN,Finland,United Kingdom
Helsinki,Kittila,23 Feb - 28 Feb,173,https://tp.media/r?marker=598952&trs=394660&p=4114&u=https%3A%2F%2Fwww.aviasales.com%2Fsearch%2FHEL2302KTT28021%3Fdestination_airports%3D0&campaign_id=100,,KTT,Finland,Finland
Helsinki,Kruunupyy,19 Jan - 26 Jan,174,https://tp.media/r?marker=598952&trs=394660&p=4114&u=https%3A%2F%2Fwww.aviasales.com%2Fsearch%2FHEL1901KOK26011%3Fdestination_airports%3D0&campaign_id=100,,KOK,Finland,Finland
Helsinki,Ivalo,29 Jan - 1 Feb,182,https://tp.media/r?marker=598952&trs=394660&p=4114&u=https%3A%2F%2Fwww.aviasales.com%2Fsearch%2FHEL2901IVL11%3Fdestination_airports%3D0&campaign_id=100,,IVL,Finland,Finland
Rome,Naples,6 Mar - 14 Mar,80,https://tp.media/r?marker=598952&trs=394660&p=4114&u=https%3A%2F%2Fwww.aviasales.com%2Fsearch%2FROM0603NAP14031%3Fdestination_airports%3D0&campaign_id=100,,NAP,Italy,Italy
Rome,Porto,13 Feb - 16 Feb,96,https://tp.media/r?marker=598952&trs=394660&p=4114&u=https%3A%2F%2Fwww.aviasales.com%2Fsearch%2FROM1302OPO16021%3Fdestination_airports%3D0&campaign_id=100,,OPO,Italy,Portugal
Rome,Paris,21 Jan - 28 Jan,97,https://tp.media/r?marker=598952&trs=394660&p=4114&u=https%3A%2F%2Fwww.aviasales.com%2Fsearch%2FROM2101PAR28011%3Fdestination_airports%3D0&campaign_id=100,,PAR,Italy,France
Rome,Berlin,5 Feb - 12 Feb,102,https://tp.media/r?marker=598952&trs=394660&p=4114&u=https%3A%2F%2Fwww.aviasales.com%2Fsearch%2FROM0502BER12021%3Fdestination_airports%3D0&campaign_id=100,,BER,Italy,Germany
Rome,Sevilla,6 Jan - 10 Jan,108,https://tp.media/r?marker=598952&trs=394660&p=4114&u=https%3A%2F%2Fwww.aviasales.com%2Fsearch%2FROM0601SVQ10011%3Fdestination_airports%3D0&campaign_id=100,,SVQ,Italy,Spain
Rome,Milan,1 Jun - 7 Jun,115,https://tp.media/r?marker=598952&trs=394660&p=4114&u=https%3A%2F%2Fwww.aviasales.com%2Fsearch%2FROM0106MIL07061%3Fdestination_airports%3D0&campaign_id=100,,MIL,Italy,Italy
Rome,Istanbul,5 Feb - 12 Feb,122,https://tp.media/r?marker=598952&trs=394660&p=4114&u=https%3A%2F%2Fwww.aviasales.com%2Fsearch%2FROM0502IST12021%3Fdestination_airports%3D0&campaign_id=100,,IST,Italy,Turkey
Rome,Amsterdam,4 Feb - 11 Feb,175,https://tp.media/r?marker=598952&trs=394660&p=4114&u=https%3A%2F%2Fwww.aviasales.com%2Fsearch%2FROM0402AMS11021%3Fdestination_airports%3D0&campaign_id=100,,AMS,Italy,Netherlands
Rome,Marseille,3 Jan - 7 Jan,185,https://tp.media/r?marker=598952&trs=394660&p=4114&u=https%3A%2F%2Fwww.aviasales.com%2Fsearch%2FROM0301MRS07011%3Fdestination_airports%3D0&campaign_id=100,,MRS,Italy,France
Rome,Vigo,21 Feb - 24 Feb,208,https://tp.media/r?marker=598952&trs=394660&p=4114&u=https%3A%2F%2Fwww.aviasales.com%2Fsearch%2FROM2102VGO24021%3Fdestination_airports%3D0&campaign_id=100,,VGO,Italy,Spain
Rome,Arrecife,26 Apr - 9 May,215,https://tp.media/r?marker=598952&trs=394660&p=4114&u=https%3A%2F%2Fwww.aviasales.com%2Fsearch%2FROM2604ACE09051%3Fdestination_airports%3D0&campaign_id=100,,ACE,Italy,Spain
Stockholm,Riga,5 Feb - 9 Feb,46,https://tp.media/r?marker=598952&trs=394660&p=4114&u=https%3A%2F%2Fwww.aviasales.com%2Fsearch%2FSTO0502RIX09021%3Fdestination_airports%3D0&campaign_id=100,,RIX,Sweden,Latvia
Stockholm,Tallinn,5 Feb - 12 Feb,46,https://tp.media/r?marker=598952&trs=394660&p=4114&u=https%3A%2F%2Fwww.aviasales.com%2Fsearch%2FSTO0502TLL12021%3Fdestination_airports%3D0&campaign_id=100,,TLL,Sweden,Estonia
Stockholm,Helsinki,8 Jan - 12 Jan,50,https://tp.media/r?marker=598952&trs=394660&p=4114&u=https%3A%2F%2Fwww.aviasales.com%2Fsearch%2FSTO0801HEL12011%3Fdestination_airports%3D0&campaign_id=100,,HEL,Sweden,Finland
Helsinki,Joensuu,30 Jan - 2 Feb,184,https://tp.media/r?marker=598952&trs=394660&p=4114&u=https%3A%2F%2Fwww.aviasales.com%2Fsearch%2FHEL3001JOE11%3Fdestination_airports%3D0&campaign_id=100,,JOE,Finland,Finland
Helsinki,Paris,9 Jan - 16 Jan,203,https://tp.media/r?marker=598952&trs=394660&p=4114&u=https%3A%2F%2Fwww.aviasales.com%2Fsearch%2FHEL0901PAR16011%3Fdestination_airports%3D0&campaign_id=100,,PAR,Finland,France
Helsinki,Savonlinna,30 Jan - 2 Feb,234,https://tp.media/r?marker=598952&trs=394660&p=4114&u=https%3A%2F%2Fwww.aviasales.com%2Fsearch%2FHEL3001SVL11%3Fdestination_airports%3D0&campaign_id=100,,SVL,Finland,Finland
Helsinki,Reykjavik,16 Sep - 23 Sep,254,https://tp.media/r?marker=598952&trs=394660&p=4114&u=https%3A%2F%2Fwww.aviasales.com%2Fsearch%2FHEL1609REK23091%3Fdestination_airports%3D0&campaign_id=100,,REK,Finland,Iceland
Helsinki,Berlin,13 Feb - 16 Feb,257,https://tp.media/r?marker=598952&trs=394660&p=4114&u=https%3A%2F%2Fwww.aviasales.com%2Fsearch%2FHEL1302BER16021%3Fdestination_airports%3D0&campaign_id=100,,BER,Finland,Germany
Helsinki,Leknes,9 Sep - 16 Sep,372,https://tp.media/r?marker=598952&trs=394660&p=4114&u=https%3A%2F%2Fwww.aviasales.com%2Fsearch%2FHEL0909LKN16091%3Fdestination_airports%3D0&campaign_id=100,,LKN,Finland,Norway
Lisbon,Milan,29 Jan - 2 Feb,51,https://tp.media/r?marker=598952&trs=394660&p=4114&u=https%3A%2F%2Fwww.aviasales.com%2Fsearch%2FLIS2901MIL11%3Fdestination_airports%3D0&campaign_id=100,,MIL,Portugal,Italy
Lisbon,Paris,15 Jan - 19 Jan,60,https://tp.media/r?marker=598952&trs=394660&p=4114&u=https%3A%2F%2Fwww.aviasales.com%2Fsearch%2FLIS1501PAR19011%3Fdestination_airports%3D0&campaign_id=100,,PAR,Portugal,France
Lisbon,Funchal,5 Feb - 12 Feb,64,https://tp.media/r?marker=598952&trs=394660&p=4114&u=https%3A%2F%2Fwww.aviasales.com%2Fsearch%2FLIS0502FNC12021%3Fdestination_airports%3D0&campaign_id=100,,FNC,Portugal,Portugal
Lisbon,Bordeaux,3 Mar - 14 Mar,66,https://tp.media/r?marker=598952&trs=394660&p=4114&u=https%3A%2F%2Fwww.aviasales.com%2Fsearch%2FLIS0303BOD14031%3Fdestination_airports%3D0&campaign_id=100,,BOD,Portugal,France
Lisbon,Lyon,30 Jan - 2 Feb,70,https://tp.media/r?marker=598952&trs=394660&p=4114&u=https%3A%2F%2Fwww.aviasales.com%2Fsearch%2FLIS3001LYS11%3Fdestination_airports%3D0&campaign_id=100,,LYS,Portugal,France
Lisbon,Porto,5 Aug - 12 Aug,77,https://tp.media/r?marker=598952&trs=394660&p=4114&u=https%3A%2F%2Fwww.aviasales.com%2Fsearch%2FLIS0508OPO12081%3Fdestination_airports%3D0&campaign_id=100,,OPO,Portugal,Portugal
Lisbon,Budapest,12 Jan - 20 Jan,79,https://tp.media/r?marker=598952&trs=394660&p=4114&u=https%3A%2F%2Fwww.aviasales.com%2Fsearch%2FLIS1201BUD20011%3Fdestination_airports%3D0&campaign_id=100,,BUD,Portugal,Hungary
Lisbon,Malaga,28 Mar - 6 Apr,86,https://tp.media/r?marker=598952&trs=394660&p=4114&u=https%3A%2F%2Fwww.aviasales.com%2Fsearch%2FLIS2803AGP06041%3Fdestination_airports%3D0&campaign_id=100,,AGP,Portugal,Spain
Lisbon,Alicante,9 Jan - 16 Jan,88,https://tp.media/r?marker=598952&trs=394660&p=4114&u=https%3A%2F%2Fwww.aviasales.com%2Fsearch%2FLIS0901ALC16011%3Fdestination_airports%3D0&campaign_id=100,,ALC,Portugal,Spain
Lisbon,Sevilla,8 Jan - 11 Jan,89,https://tp.media/r?marker=598952&trs=394660&p=4114&u=https%3A%2F%2Fwww.aviasales.com%2Fsearch%2FLIS0801SVQ11011%3Fdestination_airports%3D0&campaign_id=100,,SVQ,Portugal,Spain
Lisbon,Ponta delgada,25 May - 28 May,91,https://tp.media/r?marker=598952&trs=394660&p=4114&u=https%3A%2F%2Fwww.aviasales.com%2Fsearch%2FLIS2505PDL28051%3Fdestination_airports%3D0&campaign_id=100,,PDL,Portugal,Portugal
Lisbon,Nantes,18 Jun - 21 Jun,92,https://tp.media/r?marker=598952&trs=394660&p=4114&u=https%3A%2F%2Fwww.aviasales.com%2Fsearch%2FLIS1806NTE21061%3Fdestination_airports%3D0&campaign_id=100,,NTE,Portugal,France
Lisbon,Nice,30 Jan - 2 Feb,93,https://tp.media/r?marker=598952&trs=394660&p=4114&u=https%3A%2F%2Fwww.aviasales.com%2Fsearch%2FLIS3001NCE11%3Fdestination_airports%3D0&campaign_id=100,,NCE,Portugal,France
Lisbon,Faro,19 Jan - 26 Jan,94,https://tp.media/r?marker=598952&trs=394660&p=4114&u=https%3A%2F%2Fwww.aviasales.com%2Fsearch%2FLIS1901FAO26011%3Fdestination_airports%3D0&campaign_id=100,,FAO,Portugal,Portugal
Lisbon,Bilbao,5 Feb - 12 Feb,97,https://tp.media/r?marker=598952&trs=394660&p=4114&u=https%3A%2F%2Fwww.aviasales.com%2Fsearch%2FLIS0502BIO12021%3Fdestination_airports%3D0&campaign_id=100,,BIO,Portugal,Spain
Lisbon,Marseille,29 Dec - 9 Jan,112,https://tp.media/r?marker=598952&trs=394660&p=4114&u=https%3A%2F%2Fwww.aviasales.com%2Fsearch%2FLIS2912MRS09011%3Fdestination_airports%3D0&campaign_id=100,,MRS,Portugal,France
Lisbon,Cologne,5 Feb - 12 Feb,115,https://tp.media/r?marker=598952&trs=394660&p=4114&u=https%3A%2F%2Fwww.aviasales.com%2Fsearch%2FLIS0502CGN12021%3Fdestination_airports%3D0&campaign_id=100,,CGN,Portugal,Germany
Lisbon,Rome,4 Apr - 11 Apr,115,https://tp.media/r?marker=598952&trs=394660&p=4114&u=https%3A%2F%2Fwww.aviasales.com%2Fsearch%2FLIS0404ROM11041%3Fdestination_airports%3D0&campaign_id=100,,ROM,Portugal,Italy
Lisbon,Berlin,16 Jan - 19 Jan,122,https://tp.media/r?marker=598952&trs=394660&p=4114&u=https%3A%2F%2Fwww.aviasales.com%2Fsearch%2FLIS1601BER19011%3Fdestination_airports%3D0&campaign_id=100,,BER,Portugal,Germany
Lisbon,Arrecife,12 Jan - 17 Jan,125,https://tp.media/r?marker=598952&trs=394660&p=4114&u=https%3A%2F%2Fwww.aviasales.com%2Fsearch%2FLIS1201ACE17011%3Fdestination_airports%3D0&campaign_id=100,,ACE,Portugal,Spain
Lisbon,Amsterdam,6 Feb - 9 Feb,137,https://tp.media/r?marker=598952&trs=394660&p=4114&u=https%3A%2F%2Fwww.aviasales.com%2Fsearch%2FLIS0602AMS09021%3Fdestination_airports%3D0&campaign_id=100,,AMS,Portugal,Netherlands
Lisbon,Toulouse,22 Jan - 26 Jan,137,https://tp.media/r?marker=598952&trs=394660&p=4114&u=https%3A%2F%2Fwww.aviasales.com%2Fsearch%2FLIS2201TLS26011%3Fdestination_airports%3D0&campaign_id=100,,TLS,Portugal,France
Lisbon,Prague,8 Jan - 15 Jan,146,https://tp.media/r?marker=598952&trs=394660&p=4114&u=https%3A%2F%2Fwww.aviasales.com%2Fsearch%2FLIS0801PRG15011%3Fdestination_airports%3D0&campaign_id=100,,PRG,Portugal,Czech Republic
Lisbon,Istanbul,17 Mar - 22 Mar,152,https://tp.media/r?marker=598952&trs=394660&p=4114&u=https%3A%2F%2Fwww.aviasales.com%2Fsearch%2FLIS1703IST22031%3Fdestination_airports%3D0&campaign_id=100,,IST,Portugal,Turkey
Lisbon,Chisinau,14 Feb - 28 Feb,155,https://tp.media/r?marker=598952&trs=394660&p=4114&u=https%3A%2F%2Fwww.aviasales.com%2Fsearch%2FLIS1402RMO28021%3Fdestination_airports%3D0&campaign_id=100,,RMO,Portugal,Moldova
Lisbon,Dubrovnik,9 Jan - 12 Jan,162,https://tp.media/r?marker=598952&trs=394660&p=4114&u=https%3A%2F%2Fwww.aviasales.com%2Fsearch%2FLIS0901DBV12011%3Fdestination_airports%3D0&campaign_id=100,,DBV,Portugal,Croatia
Lisbon,Larnaca,15 Jan - 18 Jan,169,https://tp.media/r?marker=598952&trs=394660&p=4114&u=https%3A%2F%2Fwww.aviasales.com%2Fsearch%2FLIS1501LCA18011%3Fdestination_airports%3D0&campaign_id=100,,LCA,Portugal,Cyprus
Lisbon,Ibiza,23 Apr - 26 Apr,170,https://tp.media/r?marker=598952&trs=394660&p=4114&u=https%3A%2F%2Fwww.aviasales.com%2Fsearch%2FLIS2304IBZ26041%3Fdestination_airports%3D0&campaign_id=100,,IBZ,Portugal,Spain
Lisbon,Bari,10 May - 15 May,182,https://tp.media/r?marker=598952&trs=394660&p=4114&u=https%3A%2F%2Fwww.aviasales.com%2Fsearch%2FLIS1005BRI15051%3Fdestination_airports%3D0&campaign_id=100,,BRI,Portugal,Italy
Lisbon,Horta,30 Apr - 7 May,194,https://tp.media/r?marker=598952&trs=394660&p=4114&u=https%3A%2F%2Fwww.aviasales.com%2Fsearch%2FLIS3004HOR07051%3Fdestination_airports%3D0&campaign_id=100,,HOR,Portugal,Portugal
Lisbon,Florence,4 Mar - 7 Mar,211,https://tp.media/r?marker=598952&trs=394660&p=4114&u=https%3A%2F%2Fwww.aviasales.com%2Fsearch%2FLIS0403FLR07031%3Fdestination_airports%3D0&campaign_id=100,,FLR,Portugal,Italy
Lisbon,Figari,18 Jan - 22 Jan,217,https://tp.media/r?marker=598952&trs=394660&p=4114&u=https%3A%2F%2Fwww.aviasales.com%2Fsearch%2FLIS1801FSC22011%3Fdestination_airports%3D0&campaign_id=100,,FSC,Portugal,Corsica
Lisbon,Lajes terceira island,23 Jan - 1 Feb,228,https://tp.media/r?marker=598952&trs=394660&p=4114&u=https%3A%2F%2Fwww.aviasales.com%2Fsearch%2FLIS2301TER11%3Fdestination_airports%3D0&campaign_id=100,,TER,Portugal,Portugal
Lisbon,Mykonos,15 Aug - 22 Aug,267,https://tp.media/r?marker=598952&trs=394660&p=4114&u=https%3A%2F%2Fwww.aviasales.com%2Fsearch%2FLIS1508JMK22081%3Fdestination_airports%3D0&campaign_id=100,,JMK,Portugal,Greece
Lisbon,Tivat,9 Aug - 16 Aug,356,https://tp.media/r?marker=598952&trs=394660&p=4114&u=https%3A%2F%2Fwww.aviasales.com%2Fsearch%2FLIS0908TIV16081%3Fdestination_airports%3D0&campaign_id=100,,TIV,Portugal,Montenegro
Lisbon,Bastia,27 Dec - 5 Jan,529,https://tp.media/r?marker=598952&trs=394660&p=4114&u=https%3A%2F%2Fwww.aviasales.com%2Fsearch%2FLIS2712BIA05011%3Fdestination_airports%3D0&campaign_id=100,,BIA,Portugal,Corsica
London,Belfast,15 Jan - 18 Jan,43,https://tp.media/r?marker=598952&trs=394660&p=4114&u=https%3A%2F%2Fwww.aviasales.com%2Fsearch%2FLON1501BFS18011%3Fdestination_airports%3D0&campaign_id=100,,BFS,United-Kingdom,Ireland
London,Dublin,16 Jan - 19 Jan,46,https://tp.media/r?marker=598952&trs=394660&p=4114&u=https%3A%2F%2Fwww.aviasales.com%2Fsearch%2FLON1601DUB19011%3Fdestination_airports%3D0&campaign_id=100,,DUB,United-Kingdom,Ireland
London,Oslo,16 Jan - 19 Jan,46,https://tp.media/r?marker=598952&trs=394660&p=4114&u=https%3A%2F%2Fwww.aviasales.com%2Fsearch%2FLON1601OSL19011%3Fdestination_airports%3D0&campaign_id=100,,OSL,United-Kingdom,Norway
London,Madrid,6 Feb - 13 Feb,46,https://tp.media/r?marker=598952&trs=394660&p=4114&u=https%3A%2F%2Fwww.aviasales.com%2Fsearch%2FLON0602MAD13021%3Fdestination_airports%3D0&campaign_id=100,,MAD,United-Kingdom,Spain
London,Sofia,15 Jan - 19 Jan,46,https://tp.media/r?marker=598952&trs=394660&p=4114&u=https%3A%2F%2Fwww.aviasales.com%2Fsearch%2FLON1501SOF19011%3Fdestination_airports%3D0&campaign_id=100,,SOF,United-Kingdom,Bulgaria
London,Glasgow,8 Jan - 12 Jan,47,https://tp.media/r?marker=598952&trs=394660&p=4114&u=https%3A%2F%2Fwww.aviasales.com%2Fsearch%2FLON0801GLA12011%3Fdestination_airports%3D0&campaign_id=100,,GLA,United-Kingdom,United Kingdom
London,Nantes,5 Feb - 8 Feb,48,https://tp.media/r?marker=598952&trs=394660&p=4114&u=https%3A%2F%2Fwww.aviasales.com%2Fsearch%2FLON0502NTE08021%3Fdestination_airports%3D0&campaign_id=100,,NTE,United-Kingdom,France
London,Rome,16 Jan - 20 Jan,48,https://tp.media/r?marker=598952&trs=394660&p=4114&u=https%3A%2F%2Fwww.aviasales.com%2Fsearch%2FLON1601ROM20011%3Fdestination_airports%3D0&campaign_id=100,,ROM,United-Kingdom,Italy
London,Toulouse,22 Jan - 26 Jan,48,https://tp.media/r?marker=598952&trs=394660&p=4114&u=https%3A%2F%2Fwww.aviasales.com%2Fsearch%2FLON2201TLS26011%3Fdestination_airports%3D0&campaign_id=100,,TLS,United-Kingdom,France
London,Lisbon,29 Jan - 1 Feb,49,https://tp.media/r?marker=598952&trs=394660&p=4114&u=https%3A%2F%2Fwww.aviasales.com%2Fsearch%2FLON2901LIS11%3Fdestination_airports%3D0&campaign_id=100,,LIS,United-Kingdom,Portugal
London,Suceava,19 Jan - 28 Jan,51,https://tp.media/r?marker=598952&trs=394660&p=4114&u=https%3A%2F%2Fwww.aviasales.com%2Fsearch%2FLON1901SCV28011%3Fdestination_airports%3D0&campaign_id=100,,SCV,United-Kingdom,Romania
London,Kaunas,9 Jan - 13 Jan,52,https://tp.media/r?marker=598952&trs=394660&p=4114&u=https%3A%2F%2Fwww.aviasales.com%2Fsearch%2FLON0901KUN13011%3Fdestination_airports%3D0&campaign_id=100,,KUN,United-Kingdom,Lithuania
London,Marseille,13 Feb - 16 Feb,57,https://tp.media/r?marker=598952&trs=394660&p=4114&u=https%3A%2F%2Fwww.aviasales.com%2Fsearch%2FLON1302MRS16021%3Fdestination_airports%3D0&campaign_id=100,,MRS,United-Kingdom,France
London,Budapest,15 Jan - 18 Jan,57,https://tp.media/r?marker=598952&trs=394660&p=4114&u=https%3A%2F%2Fwww.aviasales.com%2Fsearch%2FLON1501BUD18011%3Fdestination_airports%3D0&campaign_id=100,,BUD,United-Kingdom,Hungary
London,Prague,29 Jan - 1 Feb,60,https://tp.media/r?marker=598952&trs=394660&p=4114&u=https%3A%2F%2Fwww.aviasales.com%2Fsearch%2FLON2901PRG11%3Fdestination_airports%3D0&campaign_id=100,,PRG,United-Kingdom,Czech Republic
London,Inverness,20 Mar - 30 Mar,62,https://tp.media/r?marker=598952&trs=394660&p=4114&u=https%3A%2F%2Fwww.aviasales.com%2Fsearch%2FLON2003INV30031%3Fdestination_airports%3D0&campaign_id=100,,INV,United-Kingdom,United Kingdom
London,Nice,29 Jan - 1 Feb,63,https://tp.media/r?marker=598952&trs=394660&p=4114&u=https%3A%2F%2Fwww.aviasales.com%2Fsearch%2FLON2901NCE11%3Fdestination_airports%3D0&campaign_id=100,,NCE,United-Kingdom,France
London,Berlin,10 Mar - 13 Mar,67,https://tp.media/r?marker=598952&trs=394660&p=4114&u=https%3A%2F%2Fwww.aviasales.com%2Fsearch%2FLON1003BER13031%3Fdestination_airports%3D0&campaign_id=100,,BER,United-Kingdom,Germany
London,Istanbul,15 Jan - 21 Jan,69,https://tp.media/r?marker=598952&trs=394660&p=4114&u=https%3A%2F%2Fwww.aviasales.com%2Fsearch%2FLON1501IST21011%3Fdestination_airports%3D0&campaign_id=100,,IST,United-Kingdom,Turkey
London,Vilnius,9 Jan - 13 Jan,70,https://tp.media/r?marker=598952&trs=394660&p=4114&u=https%3A%2F%2Fwww.aviasales.com%2Fsearch%2FLON0901VNO13011%3Fdestination_airports%3D0&campaign_id=100,,VNO,United-Kingdom,Lithuania
London,Sevilla,4 Feb - 11 Feb,71,https://tp.media/r?marker=598952&trs=394660&p=4114&u=https%3A%2F%2Fwww.aviasales.com%2Fsearch%2FLON0402SVQ11021%3Fdestination_airports%3D0&campaign_id=100,,SVQ,United-Kingdom,Spain
London,Bordeaux,5 Feb - 9 Feb,74,https://tp.media/r?marker=598952&trs=394660&p=4114&u=https%3A%2F%2Fwww.aviasales.com%2Fsearch%2FLON0502BOD09021%3Fdestination_airports%3D0&campaign_id=100,,BOD,United-Kingdom,France
London,Alicante,1 May - 7 May,76,https://tp.media/r?marker=598952&trs=394660&p=4114&u=https%3A%2F%2Fwww.aviasales.com%2Fsearch%2FLON0105ALC07051%3Fdestination_airports%3D0&campaign_id=100,,ALC,United-Kingdom,Spain
London,Valence,8 May - 16 May,79,https://tp.media/r?marker=598952&trs=394660&p=4114&u=https%3A%2F%2Fwww.aviasales.com%2Fsearch%2FLON0805VAF16051%3Fdestination_airports%3D0&campaign_id=100,,VAF,United-Kingdom,France
London,Munich,5 Feb - 9 Feb,88,https://tp.media/r?marker=598952&trs=394660&p=4114&u=https%3A%2F%2Fwww.aviasales.com%2Fsearch%2FLON0502MUC09021%3Fdestination_airports%3D0&campaign_id=100,,MUC,United-Kingdom,Germany
London,Amsterdam,29 Jan - 2 Feb,95,https://tp.media/r?marker=598952&trs=394660&p=4114&u=https%3A%2F%2Fwww.aviasales.com%2Fsearch%2FLON2901AMS11%3Fdestination_airports%3D0&campaign_id=100,,AMS,United-Kingdom,Netherlands
London,Manchester,5 Feb - 12 Feb,95,https://tp.media/r?marker=598952&trs=394660&p=4114&u=https%3A%2F%2Fwww.aviasales.com%2Fsearch%2FLON0502MAN12021%3Fdestination_airports%3D0&campaign_id=100,,MAN,United-Kingdom,United Kingdom
London,Newcastle,23 Jan - 26 Jan,96,https://tp.media/r?marker=598952&trs=394660&p=4114&u=https%3A%2F%2Fwww.aviasales.com%2Fsearch%2FLON2301NCL26011%3Fdestination_airports%3D0&campaign_id=100,,NCL,United-Kingdom,United Kingdom
London,Stockholm,4 Feb - 11 Feb,104,https://tp.media/r?marker=598952&trs=394660&p=4114&u=https%3A%2F%2Fwww.aviasales.com%2Fsearch%2FLON0402STO11021%3Fdestination_airports%3D0&campaign_id=100,,STO,United-Kingdom,Sweden
London,Duesseldorf,23 Jan - 26 Jan,130,https://tp.media/r?marker=598952&trs=394660&p=4114&u=https%3A%2F%2Fwww.aviasales.com%2Fsearch%2FLON2301DUS26011%3Fdestination_airports%3D0&campaign_id=100,,DUS,United-Kingdom,Germany
London,Dubrovnik,14 May - 17 May,150,https://tp.media/r?marker=598952&trs=394660&p=4114&u=https%3A%2F%2Fwww.aviasales.com%2Fsearch%2FLON1405DBV17051%3Fdestination_airports%3D0&campaign_id=100,,DBV,United-Kingdom,Croatia
London,Porto,4 Aug - 12 Aug,155,https://tp.media/r?marker=598952&trs=394660&p=4114&u=https%3A%2F%2Fwww.aviasales.com%2Fsearch%2FLON0408OPO12081%3Fdestination_airports%3D0&campaign_id=100,,OPO,United-Kingdom,Portugal
London,Naples,1 May - 5 May,156,https://tp.media/r?marker=598952&trs=394660&p=4114&u=https%3A%2F%2Fwww.aviasales.com%2Fsearch%2FLON0105NAP05051%3Fdestination_airports%3D0&campaign_id=100,,NAP,United-Kingdom,Italy
London,Mardin,15 Jan - 21 Jan,165,https://tp.media/r?marker=598952&trs=394660&p=4114&u=https%3A%2F%2Fwww.aviasales.com%2Fsearch%2FLON1501MQM21011%3Fdestination_airports%3D0&campaign_id=100,,MQM,United-Kingdom,Turkey
London,Paris,24 Dec - 31 Dec,177,https://tp.media/r?marker=598952&trs=394660&p=4114&u=https%3A%2F%2Fwww.aviasales.com%2Fsearch%2FLON2412PAR31121%3Fdestination_airports%3D0&campaign_id=100,,PAR,United-Kingdom,France
London,Helsinki,27 Aug - 31 Aug,182,https://tp.media/r?marker=598952&trs=394660&p=4114&u=https%3A%2F%2Fwww.aviasales.com%2Fsearch%2FLON2708HEL31081%3Fdestination_airports%3D0&campaign_id=100,,HEL,United-Kingdom,Finland
London,Kosice,26 Jun - 8 Jul,205,https://tp.media/r?marker=598952&trs=394660&p=4114&u=https%3A%2F%2Fwww.aviasales.com%2Fsearch%2FLON2606KSC08071%3Fdestination_airports%3D0&campaign_id=100,,KSC,United-Kingdom,Slovakia
London,Mykonos,1 May - 4 May,239,https://tp.media/r?marker=598952&trs=394660&p=4114&u=https%3A%2F%2Fwww.aviasales.com%2Fsearch%2FLON0105JMK04051%3Fdestination_airports%3D0&campaign_id=100,,JMK,United-Kingdom,Greece
London,Lyon,24 Dec - 31 Dec,246,https://tp.media/r?marker=598952&trs=394660&p=4114&u=https%3A%2F%2Fwww.aviasales.com%2Fsearch%2FLON2412LYS31121%3Fdestination_airports%3D0&campaign_id=100,,LYS,United-Kingdom,France
London,Kirkwall,2 Feb - 10 Feb,256,https://tp.media/r?marker=598952&trs=394660&p=4114&u=https%3A%2F%2Fwww.aviasales.com%2Fsearch%2FLON0202KOI10021%3Fdestination_airports%3D0&campaign_id=100,,KOI,United-Kingdom,United Kingdom
Nicosia,Paris,1 Feb - 8 Feb,228,https://tp.media/r?marker=598952&trs=394660&p=4114&u=https%3A%2F%2Fwww.aviasales.com%2Fsearch%2FECN0102PAR08021%3Fdestination_airports%3D0&campaign_id=100,,PAR,Cyprus,France
Oslo,Aalborg,5 Feb - 12 Feb,112,https://tp.media/r?marker=598952&trs=394660&p=4114&u=https%3A%2F%2Fwww.aviasales.com%2Fsearch%2FOSL0502AAL12021%3Fdestination_airports%3D0&campaign_id=100,,AAL,Norway,Denmark
Oslo,Berlin,5 Feb - 9 Feb,115,https://tp.media/r?marker=598952&trs=394660&p=4114&u=https%3A%2F%2Fwww.aviasales.com%2Fsearch%2FOSL0502BER09021%3Fdestination_airports%3D0&campaign_id=100,,BER,Norway,Germany
Oslo,Stockholm,16 Jan - 19 Jan,118,https://tp.media/r?marker=598952&trs=394660&p=4114&u=https%3A%2F%2Fwww.aviasales.com%2Fsearch%2FOSL1601STO19011%3Fdestination_airports%3D0&campaign_id=100,,STO,Norway,Sweden
Oslo,Bergen,1 Jan - 4 Jan,120,https://tp.media/r?marker=598952&trs=394660&p=4114&u=https%3A%2F%2Fwww.aviasales.com%2Fsearch%2FOSL0101BGO04011%3Fdestination_airports%3D0&campaign_id=100,,BGO,Norway,Norway
Oslo,Trondheim,25 Dec - 28 Dec,129,https://tp.media/r?marker=598952&trs=394660&p=4114&u=https%3A%2F%2Fwww.aviasales.com%2Fsearch%2FOSL2512TRD28121%3Fdestination_airports%3D0&campaign_id=100,,TRD,Norway,Norway
Oslo,Amsterdam,29 Jan - 2 Feb,147,https://tp.media/r?marker=598952&trs=394660&p=4114&u=https%3A%2F%2Fwww.aviasales.com%2Fsearch%2FOSL2901AMS11%3Fdestination_airports%3D0&campaign_id=100,,AMS,Norway,Netherlands
Oslo,Prague,19 Jan - 24 Jan,149,https://tp.media/r?marker=598952&trs=394660&p=4114&u=https%3A%2F%2Fwww.aviasales.com%2Fsearch%2FOSL1901PRG24011%3Fdestination_airports%3D0&campaign_id=100,,PRG,Norway,Czech Republic
Oslo,Glasgow,16 Feb - 20 Feb,150,https://tp.media/r?marker=598952&trs=394660&p=4114&u=https%3A%2F%2Fwww.aviasales.com%2Fsearch%2FOSL1602GLA20021%3Fdestination_airports%3D0&campaign_id=100,,GLA,Norway,United Kingdom
Oslo,Helsinki,22 Jan - 25 Jan,151,https://tp.media/r?marker=598952&trs=394660&p=4114&u=https%3A%2F%2Fwww.aviasales.com%2Fsearch%2FOSL2201HEL25011%3Fdestination_airports%3D0&campaign_id=100,,HEL,Norway,Finland
Oslo,Reykjavik,18 Mar - 25 Mar,153,https://tp.media/r?marker=598952&trs=394660&p=4114&u=https%3A%2F%2Fwww.aviasales.com%2Fsearch%2FOSL1803REK25031%3Fdestination_airports%3D0&campaign_id=100,,REK,Norway,Iceland
Oslo,Bodo,16 Sep - 23 Sep,162,https://tp.media/r?marker=598952&trs=394660&p=4114&u=https%3A%2F%2Fwww.aviasales.com%2Fsearch%2FOSL1609BOO23091%3Fdestination_airports%3D0&campaign_id=100,,BOO,Norway,Norway
Oslo,Dublin,23 Dec - 30 Dec,191,https://tp.media/r?marker=598952&trs=394660&p=4114&u=https%3A%2F%2Fwww.aviasales.com%2Fsearch%2FOSL2312DUB30121%3Fdestination_airports%3D0&campaign_id=100,,DUB,Norway,Ireland
Oslo,Strasbourg,7 Jan - 11 Jan,224,https://tp.media/r?marker=598952&trs=394660&p=4114&u=https%3A%2F%2Fwww.aviasales.com%2Fsearch%2FOSL0701SXB11011%3Fdestination_airports%3D0&campaign_id=100,,SXB,Norway,France
Oslo,Paris,5 Feb - 9 Feb,227,https://tp.media/r?marker=598952&trs=394660&p=4114&u=https%3A%2F%2Fwww.aviasales.com%2Fsearch%2FOSL0502PAR09021%3Fdestination_airports%3D0&campaign_id=100,,PAR,Norway,France
Oslo,Luxembourg,26 Dec - 29 Dec,268,https://tp.media/r?marker=598952&trs=394660&p=4114&u=https%3A%2F%2Fwww.aviasales.com%2Fsearch%2FOSL2612LUX29121%3Fdestination_airports%3D0&campaign_id=100,,LUX,Norway,Luxembourg
Oslo,Svolv r,18 May - 24 May,283,https://tp.media/r?marker=598952&trs=394660&p=4114&u=https%3A%2F%2Fwww.aviasales.com%2Fsearch%2FOSL1805SVJ24051%3Fdestination_airports%3D0&campaign_id=100,,SVJ,Norway,Norway
Oslo,Leknes,5 Feb - 8 Feb,309,https://tp.media/r?marker=598952&trs=394660&p=4114&u=https%3A%2F%2Fwww.aviasales.com%2Fsearch%2FOSL0502LKN08021%3Fdestination_airports%3D0&campaign_id=100,,LKN,Norway,Norway
Stockholm,Paris,26 Jan - 31 Jan,52,https://tp.media/r?marker=598952&trs=394660&p=4114&u=https%3A%2F%2Fwww.aviasales.com%2Fsearch%2FSTO2601PAR31011%3Fdestination_airports%3D0&campaign_id=100,,PAR,Sweden,France
Stockholm,Dublin,5 Feb - 12 Feb,65,https://tp.media/r?marker=598952&trs=394660&p=4114&u=https%3A%2F%2Fwww.aviasales.com%2Fsearch%2FSTO0502DUB12021%3Fdestination_airports%3D0&campaign_id=100,,DUB,Sweden,Ireland
Stockholm,Budapest,5 Feb - 12 Feb,70,https://tp.media/r?marker=598952&trs=394660&p=4114&u=https%3A%2F%2Fwww.aviasales.com%2Fsearch%2FSTO0502BUD12021%3Fdestination_airports%3D0&campaign_id=100,,BUD,Sweden,Hungary
Stockholm,Lulea,5 Feb - 12 Feb,76,https://tp.media/r?marker=598952&trs=394660&p=4114&u=https%3A%2F%2Fwww.aviasales.com%2Fsearch%2FSTO0502LLA12021%3Fdestination_airports%3D0&campaign_id=100,,LLA,Sweden,Sweden
Stockholm,Umea,5 Feb - 12 Feb,77,https://tp.media/r?marker=598952&trs=394660&p=4114&u=https%3A%2F%2Fwww.aviasales.com%2Fsearch%2FSTO0502UME12021%3Fdestination_airports%3D0&campaign_id=100,,UME,Sweden,Sweden
Stockholm,Oslo,19 Jan - 26 Jan,81,https://tp.media/r?marker=598952&trs=394660&p=4114&u=https%3A%2F%2Fwww.aviasales.com%2Fsearch%2FSTO1901OSL26011%3Fdestination_airports%3D0&campaign_id=100,,OSL,Sweden,Norway
Stockholm,Berlin,23 Jan - 26 Jan,87,https://tp.media/r?marker=598952&trs=394660&p=4114&u=https%3A%2F%2Fwww.aviasales.com%2Fsearch%2FSTO2301BER26011%3Fdestination_airports%3D0&campaign_id=100,,BER,Sweden,Germany
Stockholm,Skelleftea,22 Feb - 1 Mar,95,https://tp.media/r?marker=598952&trs=394660&p=4114&u=https%3A%2F%2Fwww.aviasales.com%2Fsearch%2FSTO2202SFT01031%3Fdestination_airports%3D0&campaign_id=100,,SFT,Sweden,Sweden
Stockholm,Amsterdam,16 Jan - 19 Jan,122,https://tp.media/r?marker=598952&trs=394660&p=4114&u=https%3A%2F%2Fwww.aviasales.com%2Fsearch%2FSTO1601AMS19011%3Fdestination_airports%3D0&campaign_id=100,,AMS,Sweden,Netherlands
Stockholm,Angelholm,4 Feb - 11 Feb,123,https://tp.media/r?marker=598952&trs=394660&p=4114&u=https%3A%2F%2Fwww.aviasales.com%2Fsearch%2FSTO0402AGH11021%3Fdestination_airports%3D0&campaign_id=100,,AGH,Sweden,Sweden
Stockholm,Visby,5 Feb - 12 Feb,144,https://tp.media/r?marker=598952&trs=394660&p=4114&u=https%3A%2F%2Fwww.aviasales.com%2Fsearch%2FSTO0502VBY12021%3Fdestination_airports%3D0&campaign_id=100,,VBY,Sweden,Sweden
Stockholm,Kiruna,15 Mar - 20 Mar,152,https://tp.media/r?marker=598952&trs=394660&p=4114&u=https%3A%2F%2Fwww.aviasales.com%2Fsearch%2FSTO1503KRN20031%3Fdestination_airports%3D0&campaign_id=100,,KRN,Sweden,Sweden
Stockholm,Rovaniemi,5 Feb - 12 Feb,163,https://tp.media/r?marker=598952&trs=394660&p=4114&u=https%3A%2F%2Fwww.aviasales.com%2Fsearch%2FSTO0502RVN12021%3Fdestination_airports%3D0&campaign_id=100,,RVN,Sweden,Finland
Stockholm,Duesseldorf,5 Feb - 12 Feb,175,https://tp.media/r?marker=598952&trs=394660&p=4114&u=https%3A%2F%2Fwww.aviasales.com%2Fsearch%2FSTO0502DUS12021%3Fdestination_airports%3D0&campaign_id=100,,DUS,Sweden,Germany
Stockholm,Arvidsjaur,9 Jan - 12 Jan,338,https://tp.media/r?marker=598952&trs=394660&p=4114&u=https%3A%2F%2Fwww.aviasales.com%2Fsearch%2FSTO0901AJR12011%3Fdestination_airports%3D0&campaign_id=100,,AJR,Sweden,Sweden
Stockholm,Stuttgart,21 Feb - 28 Feb,345,https://tp.media/r?marker=598952&trs=394660&p=4114&u=https%3A%2F%2Fwww.aviasales.com%2Fsearch%2FSTO2102STR28021%3Fdestination_airports%3D0&campaign_id=100,,STR,Sweden,Germany
Stockholm,Rennes,26 Dec - 31 Dec,355,https://tp.media/r?marker=598952&trs=394660&p=4114&u=https%3A%2F%2Fwww.aviasales.com%2Fsearch%2FSTO2612RNS31121%3Fdestination_airports%3D0&campaign_id=100,,RNS,Sweden,France
Oslo,Rovaniemi,23 Dec - 30 Dec,406,https://tp.media/r?marker=598952&trs=394660&p=4114&u=https%3A%2F%2Fwww.aviasales.com%2Fsearch%2FOSL2312RVN30121%3Fdestination_airports%3D0&campaign_id=100,,RVN,Norway,Finland
Oslo,Metz,5 Feb - 12 Feb,512,https://tp.media/r?marker=598952&trs=394660&p=4114&u=https%3A%2F%2Fwww.aviasales.com%2Fsearch%2FOSL0502ETZ12021%3Fdestination_airports%3D0&campaign_id=100,,ETZ,Norway,France
Paris,Milan,20 Feb - 25 Feb,46,https://tp.media/r?marker=598952&trs=394660&p=4114&u=https%3A%2F%2Fwww.aviasales.com%2Fsearch%2FPAR2002MIL25021%3Fdestination_airports%3D0&campaign_id=100,,MIL,France,Italy
Paris,Porto,8 Jan - 15 Jan,46,https://tp.media/r?marker=598952&trs=394660&p=4114&u=https%3A%2F%2Fwww.aviasales.com%2Fsearch%2FPAR0801OPO15011%3Fdestination_airports%3D0&campaign_id=100,,OPO,France,Portugal
Paris,Dublin,29 Oct - 1 Nov,46,https://tp.media/r?marker=598952&trs=394660&p=4114&u=https%3A%2F%2Fwww.aviasales.com%2Fsearch%2FPAR2910DUB01111%3Fdestination_airports%3D0&campaign_id=100,,DUB,France,Ireland
Paris,Birmingham,19 Jan - 26 Jan,46,https://tp.media/r?marker=598952&trs=394660&p=4114&u=https%3A%2F%2Fwww.aviasales.com%2Fsearch%2FPAR1901BHX26011%3Fdestination_airports%3D0&campaign_id=100,,BHX,France,United Kingdom
Paris,Manchester,14 Feb - 21 Feb,46,https://tp.media/r?marker=598952&trs=394660&p=4114&u=https%3A%2F%2Fwww.aviasales.com%2Fsearch%2FPAR1402MAN21021%3Fdestination_airports%3D0&campaign_id=100,,MAN,France,United Kingdom
Paris,Sofia,9 Jan - 12 Jan,46,https://tp.media/r?marker=598952&trs=394660&p=4114&u=https%3A%2F%2Fwww.aviasales.com%2Fsearch%2FPAR0901SOF12011%3Fdestination_airports%3D0&campaign_id=100,,SOF,France,Bulgaria
Paris,Cluj napoca,12 Feb - 16 Feb,46,https://tp.media/r?marker=598952&trs=394660&p=4114&u=https%3A%2F%2Fwww.aviasales.com%2Fsearch%2FPAR1202CLJ16021%3Fdestination_airports%3D0&campaign_id=100,,CLJ,France,Romania
Paris,Iasi,23 Jan - 26 Jan,46,https://tp.media/r?marker=598952&trs=394660&p=4114&u=https%3A%2F%2Fwww.aviasales.com%2Fsearch%2FPAR2301IAS26011%3Fdestination_airports%3D0&campaign_id=100,,IAS,France,Romania
Paris,Faro,30 Jan - 2 Feb,49,https://tp.media/r?marker=598952&trs=394660&p=4114&u=https%3A%2F%2Fwww.aviasales.com%2Fsearch%2FPAR3001FAO11%3Fdestination_airports%3D0&campaign_id=100,,FAO,France,Portugal
Paris,Stockholm,24 Jan - 2 Feb,51,https://tp.media/r?marker=598952&trs=394660&p=4114&u=https%3A%2F%2Fwww.aviasales.com%2Fsearch%2FPAR2401STO11%3Fdestination_airports%3D0&campaign_id=100,,STO,France,Sweden
Paris,Madrid,23 Jan - 26 Jan,51,https://tp.media/r?marker=598952&trs=394660&p=4114&u=https%3A%2F%2Fwww.aviasales.com%2Fsearch%2FPAR2301MAD26011%3Fdestination_airports%3D0&campaign_id=100,,MAD,France,Spain
Paris,Rome,9 Jan - 16 Jan,51,https://tp.media/r?marker=598952&trs=394660&p=4114&u=https%3A%2F%2Fwww.aviasales.com%2Fsearch%2FPAR0901ROM16011%3Fdestination_airports%3D0&campaign_id=100,,ROM,France,Italy
Paris,Tirana,14 Mar - 26 Mar,51,https://tp.media/r?marker=598952&trs=394660&p=4114&u=https%3A%2F%2Fwww.aviasales.com%2Fsearch%2FPAR1403TIA26031%3Fdestination_airports%3D0&campaign_id=100,,TIA,France,Albania
Paris,Gdansk,23 Jan - 30 Jan,54,https://tp.media/r?marker=598952&trs=394660&p=4114&u=https%3A%2F%2Fwww.aviasales.com%2Fsearch%2FPAR2301GDN30011%3Fdestination_airports%3D0&campaign_id=100,,GDN,France,Poland
Paris,Budapest,18 Jan - 25 Jan,54,https://tp.media/r?marker=598952&trs=394660&p=4114&u=https%3A%2F%2Fwww.aviasales.com%2Fsearch%2FPAR1801BUD25011%3Fdestination_airports%3D0&campaign_id=100,,BUD,France,Hungary
Paris,Alicante,12 Jan - 18 Jan,54,https://tp.media/r?marker=598952&trs=394660&p=4114&u=https%3A%2F%2Fwww.aviasales.com%2Fsearch%2FPAR1201ALC18011%3Fdestination_airports%3D0&campaign_id=100,,ALC,France,Spain
Paris,Skopje,14 Feb - 18 Feb,54,https://tp.media/r?marker=598952&trs=394660&p=4114&u=https%3A%2F%2Fwww.aviasales.com%2Fsearch%2FPAR1402SKP18021%3Fdestination_airports%3D0&campaign_id=100,,SKP,France,North Macedonia
Paris,Sevilla,9 Jan - 16 Jan,55,https://tp.media/r?marker=598952&trs=394660&p=4114&u=https%3A%2F%2Fwww.aviasales.com%2Fsearch%2FPAR0901SVQ16011%3Fdestination_airports%3D0&campaign_id=100,,SVQ,France,Spain
Paris,Paphos,24 Jan - 31 Jan,55,https://tp.media/r?marker=598952&trs=394660&p=4114&u=https%3A%2F%2Fwww.aviasales.com%2Fsearch%2FPAR2401PFO31011%3Fdestination_airports%3D0&campaign_id=100,,PFO,France,Cyprus
Paris,Prague,29 Jan - 6 Feb,57,https://tp.media/r?marker=598952&trs=394660&p=4114&u=https%3A%2F%2Fwww.aviasales.com%2Fsearch%2FPAR2901PRG11%3Fdestination_airports%3D0&campaign_id=100,,PRG,France,Czech Republic
Paris,Valence,30 Jan - 2 Feb,58,https://tp.media/r?marker=598952&trs=394660&p=4114&u=https%3A%2F%2Fwww.aviasales.com%2Fsearch%2FPAR3001VAF11%3Fdestination_airports%3D0&campaign_id=100,,VAF,France,France
Paris,Lisbon,14 Jan - 19 Jan,60,https://tp.media/r?marker=598952&trs=394660&p=4114&u=https%3A%2F%2Fwww.aviasales.com%2Fsearch%2FPAR1401LIS19011%3Fdestination_airports%3D0&campaign_id=100,,LIS,France,Portugal
Paris,Belgrade,4 Feb - 10 Feb,63,https://tp.media/r?marker=598952&trs=394660&p=4114&u=https%3A%2F%2Fwww.aviasales.com%2Fsearch%2FPAR0402BEG10021%3Fdestination_airports%3D0&campaign_id=100,,BEG,France,Serbia
Paris,Naples,22 Jan - 25 Jan,68,https://tp.media/r?marker=598952&trs=394660&p=4114&u=https%3A%2F%2Fwww.aviasales.com%2Fsearch%2FPAR2201NAP25011%3Fdestination_airports%3D0&campaign_id=100,,NAP,France,Italy
Paris,Vilnius,8 Jan - 12 Jan,68,https://tp.media/r?marker=598952&trs=394660&p=4114&u=https%3A%2F%2Fwww.aviasales.com%2Fsearch%2FPAR0801VNO12011%3Fdestination_airports%3D0&campaign_id=100,,VNO,France,Lithuania
Paris,Berlin,5 Feb - 8 Feb,68,https://tp.media/r?marker=598952&trs=394660&p=4114&u=https%3A%2F%2Fwww.aviasales.com%2Fsearch%2FPAR0502BER08021%3Fdestination_airports%3D0&campaign_id=100,,BER,France,Germany
Paris,Malaga,3 Feb - 10 Feb,70,https://tp.media/r?marker=598952&trs=394660&p=4114&u=https%3A%2F%2Fwww.aviasales.com%2Fsearch%2FPAR0302AGP10021%3Fdestination_airports%3D0&campaign_id=100,,AGP,France,Spain
Paris,Toulouse,1 Sep - 12 Sep,70,https://tp.media/r?marker=598952&trs=394660&p=4114&u=https%3A%2F%2Fwww.aviasales.com%2Fsearch%2FPAR0109TLS12091%3Fdestination_airports%3D0&campaign_id=100,,TLS,France,France
Paris,Glasgow,14 Feb - 22 Feb,72,https://tp.media/r?marker=598952&trs=394660&p=4114&u=https%3A%2F%2Fwww.aviasales.com%2Fsearch%2FPAR1402GLA22021%3Fdestination_airports%3D0&campaign_id=100,,GLA,France,United Kingdom
Paris,Oslo,2 Feb - 6 Feb,73,https://tp.media/r?marker=598952&trs=394660&p=4114&u=https%3A%2F%2Fwww.aviasales.com%2Fsearch%2FPAR0202OSL06021%3Fdestination_airports%3D0&campaign_id=100,,OSL,France,Norway
Paris,Chisinau,9 Mar - 13 Mar,79,https://tp.media/r?marker=598952&trs=394660&p=4114&u=https%3A%2F%2Fwww.aviasales.com%2Fsearch%2FPAR0903RMO13031%3Fdestination_airports%3D0&campaign_id=100,,RMO,France,Moldova
Paris,Nice,21 Jan - 28 Jan,81,https://tp.media/r?marker=598952&trs=394660&p=4114&u=https%3A%2F%2Fwww.aviasales.com%2Fsearch%2FPAR2101NCE28011%3Fdestination_airports%3D0&campaign_id=100,,NCE,France,France
Paris,Rovaniemi,5 Jan - 12 Jan,81,https://tp.media/r?marker=598952&trs=394660&p=4114&u=https%3A%2F%2Fwww.aviasales.com%2Fsearch%2FPAR0501RVN12011%3Fdestination_airports%3D0&campaign_id=100,,RVN,France,Finland
Paris,Marseille,30 Mar - 2 Apr,91,https://tp.media/r?marker=598952&trs=394660&p=4114&u=https%3A%2F%2Fwww.aviasales.com%2Fsearch%2FPAR3003MRS02041%3Fdestination_airports%3D0&campaign_id=100,,MRS,France,France
Paris,Rhodes,9 Jun - 16 Jun,93,https://tp.media/r?marker=598952&trs=394660&p=4114&u=https%3A%2F%2Fwww.aviasales.com%2Fsearch%2FPAR0906RHO16061%3Fdestination_airports%3D0&campaign_id=100,,RHO,France,Greece
Paris,Larnaca,24 Mar - 31 Mar,94,https://tp.media/r?marker=598952&trs=394660&p=4114&u=https%3A%2F%2Fwww.aviasales.com%2Fsearch%2FPAR2403LCA31031%3Fdestination_airports%3D0&campaign_id=100,,LCA,France,Cyprus
Paris,Heraklion,1 Apr - 8 Apr,95,https://tp.media/r?marker=598952&trs=394660&p=4114&u=https%3A%2F%2Fwww.aviasales.com%2Fsearch%2FPAR0104HER08041%3Fdestination_airports%3D0&campaign_id=100,,HER,France,Greece
Paris,Suceava,23 Jan - 26 Jan,107,https://tp.media/r?marker=598952&trs=394660&p=4114&u=https%3A%2F%2Fwww.aviasales.com%2Fsearch%2FPAR2301SCV26011%3Fdestination_airports%3D0&campaign_id=100,,SCV,France,Romania
Paris,Lyon,6 Feb - 9 Feb,110,https://tp.media/r?marker=598952&trs=394660&p=4114&u=https%3A%2F%2Fwww.aviasales.com%2Fsearch%2FPAR0602LYS09021%3Fdestination_airports%3D0&campaign_id=100,,LYS,France,France
Paris,Reykjavik,7 Apr - 14 Apr,111,https://tp.media/r?marker=598952&trs=394660&p=4114&u=https%3A%2F%2Fwww.aviasales.com%2Fsearch%2FPAR0704REK14041%3Fdestination_airports%3D0&campaign_id=100,,REK,France,Iceland
Paris,Istanbul,7 Feb - 11 Feb,112,https://tp.media/r?marker=598952&trs=394660&p=4114&u=https%3A%2F%2Fwww.aviasales.com%2Fsearch%2FPAR0702IST11021%3Fdestination_airports%3D0&campaign_id=100,,IST,France,Turkey
Paris,Amsterdam,26 Jan - 31 Jan,118,https://tp.media/r?marker=598952&trs=394660&p=4114&u=https%3A%2F%2Fwww.aviasales.com%2Fsearch%2FPAR2601AMS31011%3Fdestination_airports%3D0&campaign_id=100,,AMS,France,Netherlands
Paris,Duesseldorf,5 Feb - 8 Feb,118,https://tp.media/r?marker=598952&trs=394660&p=4114&u=https%3A%2F%2Fwww.aviasales.com%2Fsearch%2FPAR0502DUS08021%3Fdestination_airports%3D0&campaign_id=100,,DUS,France,Germany
Paris,Craiova,7 Jan - 11 Jan,119,https://tp.media/r?marker=598952&trs=394660&p=4114&u=https%3A%2F%2Fwww.aviasales.com%2Fsearch%2FPAR0701CRA11011%3Fdestination_airports%3D0&campaign_id=100,,CRA,France,Romania
Paris,Kittila,21 Mar - 28 Mar,119,https://tp.media/r?marker=598952&trs=394660&p=4114&u=https%3A%2F%2Fwww.aviasales.com%2Fsearch%2FPAR2103KTT28031%3Fdestination_airports%3D0&campaign_id=100,,KTT,France,Finland
Paris,Nantes,10 Mar - 23 Mar,120,https://tp.media/r?marker=598952&trs=394660&p=4114&u=https%3A%2F%2Fwww.aviasales.com%2Fsearch%2FPAR1003NTE23031%3Fdestination_airports%3D0&campaign_id=100,,NTE,France,France
Paris,Tallinn,12 Jan - 15 Jan,120,https://tp.media/r?marker=598952&trs=394660&p=4114&u=https%3A%2F%2Fwww.aviasales.com%2Fsearch%2FPAR1201TLL15011%3Fdestination_airports%3D0&campaign_id=100,,TLL,France,Estonia
Paris,Riga,28 May - 1 Jun,122,https://tp.media/r?marker=598952&trs=394660&p=4114&u=https%3A%2F%2Fwww.aviasales.com%2Fsearch%2FPAR2805RIX01061%3Fdestination_airports%3D0&campaign_id=100,,RIX,France,Latvia
Paris,Helsinki,5 Feb - 8 Feb,123,https://tp.media/r?marker=598952&trs=394660&p=4114&u=https%3A%2F%2Fwww.aviasales.com%2Fsearch%2FPAR0502HEL08021%3Fdestination_airports%3D0&campaign_id=100,,HEL,France,Finland
Paris,Timisoara,6 Jan - 10 Jan,123,https://tp.media/r?marker=598952&trs=394660&p=4114&u=https%3A%2F%2Fwww.aviasales.com%2Fsearch%2FPAR0601TSR10011%3Fdestination_airports%3D0&campaign_id=100,,TSR,France,Romania
Paris,Munich,13 Mar - 16 Mar,128,https://tp.media/r?marker=598952&trs=394660&p=4114&u=https%3A%2F%2Fwww.aviasales.com%2Fsearch%2FPAR1303MUC16031%3Fdestination_airports%3D0&campaign_id=100,,MUC,France,Germany
Paris,Rzeszow,5 Feb - 12 Feb,133,https://tp.media/r?marker=598952&trs=394660&p=4114&u=https%3A%2F%2Fwww.aviasales.com%2Fsearch%2FPAR0502RZE12021%3Fdestination_airports%3D0&campaign_id=100,,RZE,France,Poland
Paris,Ponta delgada,2 Feb - 6 Feb,139,https://tp.media/r?marker=598952&trs=394660&p=4114&u=https%3A%2F%2Fwww.aviasales.com%2Fsearch%2FPAR0202PDL06021%3Fdestination_airports%3D0&campaign_id=100,,PDL,France,Portugal
Paris,Sibiu,6 Feb - 13 Feb,151,https://tp.media/r?marker=598952&trs=394660&p=4114&u=https%3A%2F%2Fwww.aviasales.com%2Fsearch%2FPAR0602SBZ13021%3Fdestination_airports%3D0&campaign_id=100,,SBZ,France,Romania
Prague,Milan,23 Jan - 26 Jan,46,https://tp.media/r?marker=598952&trs=394660&p=4114&u=https%3A%2F%2Fwww.aviasales.com%2Fsearch%2FPRG2301MIL26011%3Fdestination_airports%3D0&campaign_id=100,,MIL,Czech Republic,Italy
Prague,Marseille,23 Jan - 26 Jan,60,https://tp.media/r?marker=598952&trs=394660&p=4114&u=https%3A%2F%2Fwww.aviasales.com%2Fsearch%2FPRG2301MRS26011%3Fdestination_airports%3D0&campaign_id=100,,MRS,Czech Republic,France
Prague,Sofia,9 Jan - 12 Jan,62,https://tp.media/r?marker=598952&trs=394660&p=4114&u=https%3A%2F%2Fwww.aviasales.com%2Fsearch%2FPRG0901SOF12011%3Fdestination_airports%3D0&campaign_id=100,,SOF,Czech Republic,Bulgaria
Prague,Manchester,26 Dec - 2 Jan,64,https://tp.media/r?marker=598952&trs=394660&p=4114&u=https%3A%2F%2Fwww.aviasales.com%2Fsearch%2FPRG2612MAN02011%3Fdestination_airports%3D0&campaign_id=100,,MAN,Czech Republic,United Kingdom
Prague,Riga,8 Jan - 11 Jan,64,https://tp.media/r?marker=598952&trs=394660&p=4114&u=https%3A%2F%2Fwww.aviasales.com%2Fsearch%2FPRG0801RIX11011%3Fdestination_airports%3D0&campaign_id=100,,RIX,Czech Republic,Latvia
Prague,Budapest,5 Feb - 12 Feb,70,https://tp.media/r?marker=598952&trs=394660&p=4114&u=https%3A%2F%2Fwww.aviasales.com%2Fsearch%2FPRG0502BUD12021%3Fdestination_airports%3D0&campaign_id=100,,BUD,Czech Republic,Hungary
Prague,Paris,11 Jan - 15 Jan,73,https://tp.media/r?marker=598952&trs=394660&p=4114&u=https%3A%2F%2Fwww.aviasales.com%2Fsearch%2FPRG1101PAR15011%3Fdestination_airports%3D0&campaign_id=100,,PAR,Czech Republic,France
Prague,Florence,13 Feb - 16 Feb,85,https://tp.media/r?marker=598952&trs=394660&p=4114&u=https%3A%2F%2Fwww.aviasales.com%2Fsearch%2FPRG1302FLR16021%3Fdestination_airports%3D0&campaign_id=100,,FLR,Czech Republic,Italy
Prague,Madrid,12 Feb - 15 Feb,95,https://tp.media/r?marker=598952&trs=394660&p=4114&u=https%3A%2F%2Fwww.aviasales.com%2Fsearch%2FPRG1202MAD15021%3Fdestination_airports%3D0&campaign_id=100,,MAD,Czech Republic,Spain
Prague,Nice,15 Jan - 18 Jan,95,https://tp.media/r?marker=598952&trs=394660&p=4114&u=https%3A%2F%2Fwww.aviasales.com%2Fsearch%2FPRG1501NCE18011%3Fdestination_airports%3D0&campaign_id=100,,NCE,Czech Republic,France
Prague,Amsterdam,29 Jan - 1 Feb,103,https://tp.media/r?marker=598952&trs=394660&p=4114&u=https%3A%2F%2Fwww.aviasales.com%2Fsearch%2FPRG2901AMS11%3Fdestination_airports%3D0&campaign_id=100,,AMS,Czech Republic,Netherlands
Prague,Lisbon,8 Jan - 15 Jan,121,https://tp.media/r?marker=598952&trs=394660&p=4114&u=https%3A%2F%2Fwww.aviasales.com%2Fsearch%2FPRG0801LIS15011%3Fdestination_airports%3D0&campaign_id=100,,LIS,Czech Republic,Portugal
Prague,Lyon,25 Dec - 28 Dec,125,https://tp.media/r?marker=598952&trs=394660&p=4114&u=https%3A%2F%2Fwww.aviasales.com%2Fsearch%2FPRG2512LYS28121%3Fdestination_airports%3D0&campaign_id=100,,LYS,Czech Republic,France
Prague,Duesseldorf,8 Jan - 11 Jan,125,https://tp.media/r?marker=598952&trs=394660&p=4114&u=https%3A%2F%2Fwww.aviasales.com%2Fsearch%2FPRG0801DUS11011%3Fdestination_airports%3D0&campaign_id=100,,DUS,Czech Republic,Germany
Prague,Nantes,13 Feb - 16 Feb,128,https://tp.media/r?marker=598952&trs=394660&p=4114&u=https%3A%2F%2Fwww.aviasales.com%2Fsearch%2FPRG1302NTE16021%3Fdestination_airports%3D0&campaign_id=100,,NTE,Czech Republic,France
Prague,Toulouse,24 Dec - 3 Jan,168,https://tp.media/r?marker=598952&trs=394660&p=4114&u=https%3A%2F%2Fwww.aviasales.com%2Fsearch%2FPRG2412TLS03011%3Fdestination_airports%3D0&campaign_id=100,,TLS,Czech Republic,France
Prague,Pau,6 Jan - 10 Jan,196,https://tp.media/r?marker=598952&trs=394660&p=4114&u=https%3A%2F%2Fwww.aviasales.com%2Fsearch%2FPRG0601PUF10011%3Fdestination_airports%3D0&campaign_id=100,,PUF,Czech Republic,France
Prague,Montpellier,6 Jan - 10 Jan,216,https://tp.media/r?marker=598952&trs=394660&p=4114&u=https%3A%2F%2Fwww.aviasales.com%2Fsearch%2FPRG0601MPL10011%3Fdestination_airports%3D0&campaign_id=100,,MPL,Czech Republic,France
Prague,Malaga,29 Dec - 5 Jan,220,https://tp.media/r?marker=598952&trs=394660&p=4114&u=https%3A%2F%2Fwww.aviasales.com%2Fsearch%2FPRG2912AGP05011%3Fdestination_airports%3D0&campaign_id=100,,AGP,Czech Republic,Spain
Prague,Palanga,4 Feb - 11 Feb,225,https://tp.media/r?marker=598952&trs=394660&p=4114&u=https%3A%2F%2Fwww.aviasales.com%2Fsearch%2FPRG0402PLQ11021%3Fdestination_airports%3D0&campaign_id=100,,PLQ,Czech Republic,Lithuania
Prague,Figari,7 Jan - 11 Jan,261,https://tp.media/r?marker=598952&trs=394660&p=4114&u=https%3A%2F%2Fwww.aviasales.com%2Fsearch%2FPRG0701FSC11011%3Fdestination_airports%3D0&campaign_id=100,,FSC,Czech Republic,Corsica
Prague,Biarritz bayonne,6 Jan - 10 Jan,326,https://tp.media/r?marker=598952&trs=394660&p=4114&u=https%3A%2F%2Fwww.aviasales.com%2Fsearch%2FPRG0601BIQ10011%3Fdestination_airports%3D0&campaign_id=100,,BIQ,Czech Republic,France
Prague,Jerez,15 Jan - 22 Jan,482,https://tp.media/r?marker=598952&trs=394660&p=4114&u=https%3A%2F%2Fwww.aviasales.com%2Fsearch%2FPRG1501XRY22011%3Fdestination_airports%3D0&campaign_id=100,,XRY,Czech Republic,Spain
Rome,Toulouse,9 Jan - 12 Jan,49,https://tp.media/r?marker=598952&trs=394660&p=4114&u=https%3A%2F%2Fwww.aviasales.com%2Fsearch%2FROM0901TLS12011%3Fdestination_airports%3D0&campaign_id=100,,TLS,Italy,France
Rome,Lisbon,15 Jan - 18 Jan,59,https://tp.media/r?marker=598952&trs=394660&p=4114&u=https%3A%2F%2Fwww.aviasales.com%2Fsearch%2FROM1501LIS18011%3Fdestination_airports%3D0&campaign_id=100,,LIS,Italy,Portugal
Rome,Nice,23 Jan - 26 Jan,65,https://tp.media/r?marker=598952&trs=394660&p=4114&u=https%3A%2F%2Fwww.aviasales.com%2Fsearch%2FROM2301NCE26011%3Fdestination_airports%3D0&campaign_id=100,,NCE,Italy,France
Rome,Madrid,29 Jan - 2 Feb,70,https://tp.media/r?marker=598952&trs=394660&p=4114&u=https%3A%2F%2Fwww.aviasales.com%2Fsearch%2FROM2901MAD11%3Fdestination_airports%3D0&campaign_id=100,,MAD,Italy,Spain
Stockholm,Lille,26 Dec - 4 Jan,455,https://tp.media/r?marker=598952&trs=394660&p=4114&u=https%3A%2F%2Fwww.aviasales.com%2Fsearch%2FSTO2612LIL04011%3Fdestination_airports%3D0&campaign_id=100,,LIL,Sweden,France
Warsaw,Milan,5 Feb - 12 Feb,38,https://tp.media/r?marker=598952&trs=394660&p=4114&u=https%3A%2F%2Fwww.aviasales.com%2Fsearch%2FWAW0502MIL12021%3Fdestination_airports%3D0&campaign_id=100,,MIL,Poland,Italy
Warsaw,Budapest,8 Jan - 11 Jan,51,https://tp.media/r?marker=598952&trs=394660&p=4114&u=https%3A%2F%2Fwww.aviasales.com%2Fsearch%2FWAW0801BUD11011%3Fdestination_airports%3D0&campaign_id=100,,BUD,Poland,Hungary
Warsaw,Rome,9 Jan - 12 Jan,63,https://tp.media/r?marker=598952&trs=394660&p=4114&u=https%3A%2F%2Fwww.aviasales.com%2Fsearch%2FWAW0901ROM12011%3Fdestination_airports%3D0&campaign_id=100,,ROM,Poland,Italy
Warsaw,Nice,15 Jan - 18 Jan,68,https://tp.media/r?marker=598952&trs=394660&p=4114&u=https%3A%2F%2Fwww.aviasales.com%2Fsearch%2FWAW1501NCE18011%3Fdestination_airports%3D0&campaign_id=100,,NCE,Poland,France
Warsaw,Paris,30 Jan - 2 Feb,75,https://tp.media/r?marker=598952&trs=394660&p=4114&u=https%3A%2F%2Fwww.aviasales.com%2Fsearch%2FWAW3001PAR11%3Fdestination_airports%3D0&campaign_id=100,,PAR,Poland,France
Warsaw,Gdansk,5 Feb - 12 Feb,79,https://tp.media/r?marker=598952&trs=394660&p=4114&u=https%3A%2F%2Fwww.aviasales.com%2Fsearch%2FWAW0502GDN12021%3Fdestination_airports%3D0&campaign_id=100,,GDN,Poland,Poland
Warsaw,Toulouse,29 Jan - 2 Feb,107,https://tp.media/r?marker=598952&trs=394660&p=4114&u=https%3A%2F%2Fwww.aviasales.com%2Fsearch%2FWAW2901TLS11%3Fdestination_airports%3D0&campaign_id=100,,TLS,Poland,France
Warsaw,Prague,30 Jan - 2 Feb,118,https://tp.media/r?marker=598952&trs=394660&p=4114&u=https%3A%2F%2Fwww.aviasales.com%2Fsearch%2FWAW3001PRG11%3Fdestination_airports%3D0&campaign_id=100,,PRG,Poland,Czech Republic
Warsaw,Vilnius,15 Feb - 19 Feb,118,https://tp.media/r?marker=598952&trs=394660&p=4114&u=https%3A%2F%2Fwww.aviasales.com%2Fsearch%2FWAW1502VNO19021%3Fdestination_airports%3D0&campaign_id=100,,VNO,Poland,Lithuania
Warsaw,Luxembourg,29 Jan - 1 Feb,123,https://tp.media/r?marker=598952&trs=394660&p=4114&u=https%3A%2F%2Fwww.aviasales.com%2Fsearch%2FWAW2901LUX11%3Fdestination_airports%3D0&campaign_id=100,,LUX,Poland,Luxembourg
Warsaw,Marseille,8 Jan - 14 Jan,133,https://tp.media/r?marker=598952&trs=394660&p=4114&u=https%3A%2F%2Fwww.aviasales.com%2Fsearch%2FWAW0801MRS14011%3Fdestination_airports%3D0&campaign_id=100,,MRS,Poland,France
Warsaw,Bordeaux,9 Jan - 16 Jan,136,https://tp.media/r?marker=598952&trs=394660&p=4114&u=https%3A%2F%2Fwww.aviasales.com%2Fsearch%2FWAW0901BOD16011%3Fdestination_airports%3D0&campaign_id=100,,BOD,Poland,France
Warsaw,Riga,18 Jan - 25 Jan,142,https://tp.media/r?marker=598952&trs=394660&p=4114&u=https%3A%2F%2Fwww.aviasales.com%2Fsearch%2FWAW1801RIX25011%3Fdestination_airports%3D0&campaign_id=100,,RIX,Poland,Latvia
Warsaw,Amsterdam,5 Feb - 12 Feb,171,https://tp.media/r?marker=598952&trs=394660&p=4114&u=https%3A%2F%2Fwww.aviasales.com%2Fsearch%2FWAW0502AMS12021%3Fdestination_airports%3D0&campaign_id=100,,AMS,Poland,Netherlands
Warsaw,Porto,27 Mar - 30 Mar,172,https://tp.media/r?marker=598952&trs=394660&p=4114&u=https%3A%2F%2Fwww.aviasales.com%2Fsearch%2FWAW2703OPO30031%3Fdestination_airports%3D0&campaign_id=100,,OPO,Poland,Portugal
Warsaw,Nantes,5 Feb - 12 Feb,173,https://tp.media/r?marker=598952&trs=394660&p=4114&u=https%3A%2F%2Fwww.aviasales.com%2Fsearch%2FWAW0502NTE12021%3Fdestination_airports%3D0&campaign_id=100,,NTE,Poland,France
Warsaw,Istanbul,7 Jan - 11 Jan,176,https://tp.media/r?marker=598952&trs=394660&p=4114&u=https%3A%2F%2Fwww.aviasales.com%2Fsearch%2FWAW0701IST11011%3Fdestination_airports%3D0&campaign_id=100,,IST,Poland,Turkey
Warsaw,Lyon,23 Jan - 30 Jan,176,https://tp.media/r?marker=598952&trs=394660&p=4114&u=https%3A%2F%2Fwww.aviasales.com%2Fsearch%2FWAW2301LYS30011%3Fdestination_airports%3D0&campaign_id=100,,LYS,Poland,France
Warsaw,Strasbourg,6 Feb - 13 Feb,185,https://tp.media/r?marker=598952&trs=394660&p=4114&u=https%3A%2F%2Fwww.aviasales.com%2Fsearch%2FWAW0602SXB13021%3Fdestination_airports%3D0&campaign_id=100,,SXB,Poland,France
Warsaw,Mulhouse,22 Jan - 25 Jan,209,https://tp.media/r?marker=598952&trs=394660&p=4114&u=https%3A%2F%2Fwww.aviasales.com%2Fsearch%2FWAW2201MLH25011%3Fdestination_airports%3D0&campaign_id=100,,MLH,Poland,Switzerland
Warsaw,Montpellier,23 Dec - 30 Dec,387,https://tp.media/r?marker=598952&trs=394660&p=4114&u=https%3A%2F%2Fwww.aviasales.com%2Fsearch%2FWAW2312MPL30121%3Fdestination_airports%3D0&campaign_id=100,,MPL,Poland,France
Warsaw,Caen,18 Jan - 25 Jan,449,https://tp.media/r?marker=598952&trs=394660&p=4114&u=https%3A%2F%2Fwww.aviasales.com%2Fsearch%2FWAW1801CFR25011%3Fdestination_airports%3D0&campaign_id=100,,CFR,Poland,France
Zurich,Naples,13 Mar - 16 Mar,80,https://tp.media/r?marker=598952&trs=394660&p=4114&u=https%3A%2F%2Fwww.aviasales.com%2Fsearch%2FZUR1303NAP16031%3Fdestination_airports%3D0&campaign_id=100,,NAP,Switzerland,Italy
Zurich,Dublin,19 Feb - 23 Feb,103,https://tp.media/r?marker=598952&trs=394660&p=4114&u=https%3A%2F%2Fwww.aviasales.com%2Fsearch%2FZUR1902DUB23021%3Fdestination_airports%3D0&campaign_id=100,,DUB,Switzerland,Ireland
Zurich,Rome,5 Mar - 8 Mar,107,https://tp.media/r?marker=598952&trs=394660&p=4114&u=https%3A%2F%2Fwww.aviasales.com%2Fsearch%2FZUR0503ROM08031%3Fdestination_airports%3D0&campaign_id=100,,ROM,Switzerland,Italy
Zurich,Berlin,16 Apr - 20 Apr,110,https://tp.media/r?marker=598952&trs=394660&p=4114&u=https%3A%2F%2Fwww.aviasales.com%2Fsearch%2FZUR1604BER20041%3Fdestination_airports%3D0&campaign_id=100,,BER,Switzerland,Germany
Zurich,Madrid,18 Jan - 21 Jan,113,https://tp.media/r?marker=598952&trs=394660&p=4114&u=https%3A%2F%2Fwww.aviasales.com%2Fsearch%2FZUR1801MAD21011%3Fdestination_airports%3D0&campaign_id=100,,MAD,Switzerland,Spain
Zurich,Manchester,5 Feb - 8 Feb,114,https://tp.media/r?marker=598952&trs=394660&p=4114&u=https%3A%2F%2Fwww.aviasales.com%2Fsearch%2FZUR0502MAN08021%3Fdestination_airports%3D0&campaign_id=100,,MAN,Switzerland,United Kingdom
Zurich,Lisbon,13 Mar - 20 Mar,118,https://tp.media/r?marker=598952&trs=394660&p=4114&u=https%3A%2F%2Fwww.aviasales.com%2Fsearch%2FZUR1303LIS20031%3Fdestination_airports%3D0&campaign_id=100,,LIS,Switzerland,Portugal
Zurich,Porto,23 Feb - 1 Mar,125,https://tp.media/r?marker=598952&trs=394660&p=4114&u=https%3A%2F%2Fwww.aviasales.com%2Fsearch%2FZUR2302OPO01031%3Fdestination_airports%3D0&campaign_id=100,,OPO,Switzerland,Portugal
Zurich,Duesseldorf,13 Feb - 18 Feb,128,https://tp.media/r?marker=598952&trs=394660&p=4114&u=https%3A%2F%2Fwww.aviasales.com%2Fsearch%2FZUR1302DUS18021%3Fdestination_airports%3D0&campaign_id=100,,DUS,Switzerland,Germany
Zurich,Milan,6 Feb - 13 Feb,131,https://tp.media/r?marker=598952&trs=394660&p=4114&u=https%3A%2F%2Fwww.aviasales.com%2Fsearch%2FZUR0602MIL13021%3Fdestination_airports%3D0&campaign_id=100,,MIL,Switzerland,Italy
Zurich,Nantes,22 Jan - 29 Jan,137,https://tp.media/r?marker=598952&trs=394660&p=4114&u=https%3A%2F%2Fwww.aviasales.com%2Fsearch%2FZUR2201NTE29011%3Fdestination_airports%3D0&campaign_id=100,,NTE,Switzerland,France
Zurich,Alicante,5 Feb - 12 Feb,142,https://tp.media/r?marker=598952&trs=394660&p=4114&u=https%3A%2F%2Fwww.aviasales.com%2Fsearch%2FZUR0502ALC12021%3Fdestination_airports%3D0&campaign_id=100,,ALC,Switzerland,Spain
Zurich,Nice,29 Jan - 2 Feb,145,https://tp.media/r?marker=598952&trs=394660&p=4114&u=https%3A%2F%2Fwww.aviasales.com%2Fsearch%2FZUR2901NCE11%3Fdestination_airports%3D0&campaign_id=100,,NCE,Switzerland,France
Zurich,Samsun,7 Feb - 17 Feb,150,https://tp.media/r?marker=598952&trs=394660&p=4114&u=https%3A%2F%2Fwww.aviasales.com%2Fsearch%2FZUR0702SZF17021%3Fdestination_airports%3D0&campaign_id=100,,SZF,Switzerland,Turkey
Zurich,Antalya,13 Feb - 22 Feb,150,https://tp.media/r?marker=598952&trs=394660&p=4114&u=https%3A%2F%2Fwww.aviasales.com%2Fsearch%2FZUR1302AYT22021%3Fdestination_airports%3D0&campaign_id=100,,AYT,Switzerland,Turkey
Zurich,Malaga,16 Mar - 20 Mar,167,https://tp.media/r?marker=598952&trs=394660&p=4114&u=https%3A%2F%2Fwww.aviasales.com%2Fsearch%2FZUR1603AGP20031%3Fdestination_airports%3D0&campaign_id=100,,AGP,Switzerland,Spain
Zurich,Sevilla,23 Feb - 26 Feb,167,https://tp.media/r?marker=598952&trs=394660&p=4114&u=https%3A%2F%2Fwww.aviasales.com%2Fsearch%2FZUR2302SVQ26021%3Fdestination_airports%3D0&campaign_id=100,,SVQ,Switzerland,Spain
Zurich,Riga,8 Jan - 11 Jan,176,https://tp.media/r?marker=598952&trs=394660&p=4114&u=https%3A%2F%2Fwww.aviasales.com%2Fsearch%2FZUR0801RIX11011%3Fdestination_airports%3D0&campaign_id=100,,RIX,Switzerland,Latvia
Zurich,Paris,6 Feb - 13 Feb,183,https://tp.media/r?marker=598952&trs=394660&p=4114&u=https%3A%2F%2Fwww.aviasales.com%2Fsearch%2FZUR0602PAR13021%3Fdestination_airports%3D0&campaign_id=100,,PAR,Switzerland,France
Zurich,Munich,29 Jan - 1 Feb,187,https://tp.media/r?marker=598952&trs=394660&p=4114&u=https%3A%2F%2Fwww.aviasales.com%2Fsearch%2FZUR2901MUC11%3Fdestination_airports%3D0&campaign_id=100,,MUC,Switzerland,Germany
Zurich,Prague,13 Feb - 16 Feb,187,https://tp.media/r?marker=598952&trs=394660&p=4114&u=https%3A%2F%2Fwww.aviasales.com%2Fsearch%2FZUR1302PRG16021%3Fdestination_airports%3D0&campaign_id=100,,PRG,Switzerland,Czech Republic
Zurich,Faro,26 Apr - 1 May,187,https://tp.media/r?marker=598952&trs=394660&p=4114&u=https%3A%2F%2Fwww.aviasales.com%2Fsearch%2FZUR2604FAO01051%3Fdestination_airports%3D0&campaign_id=100,,FAO,Switzerland,Portugal
Zurich,Lyon,21 Jan - 28 Jan,193,https://tp.media/r?marker=598952&trs=394660&p=4114&u=https%3A%2F%2Fwww.aviasales.com%2Fsearch%2FZUR2101LYS28011%3Fdestination_airports%3D0&campaign_id=100,,LYS,Switzerland,France
Zurich,Toulouse,3 Feb - 7 Feb,197,https://tp.media/r?marker=598952&trs=394660&p=4114&u=https%3A%2F%2Fwww.aviasales.com%2Fsearch%2FZUR0302TLS07021%3Fdestination_airports%3D0&campaign_id=100,,TLS,Switzerland,France
Zurich,Gdansk,26 Jun - 29 Jun,201,https://tp.media/r?marker=598952&trs=394660&p=4114&u=https%3A%2F%2Fwww.aviasales.com%2Fsearch%2FZUR2606GDN29061%3Fdestination_airports%3D0&campaign_id=100,,GDN,Switzerland,Poland
Zurich,Denizli,23 Jan - 5 Feb,214,https://tp.media/r?marker=598952&trs=394660&p=4114&u=https%3A%2F%2Fwww.aviasales.com%2Fsearch%2FZUR2301DNZ11%3Fdestination_airports%3D0&campaign_id=100,,DNZ,Switzerland,Turkey
Zurich,Marseille,15 Jan - 19 Jan,218,https://tp.media/r?marker=598952&trs=394660&p=4114&u=https%3A%2F%2Fwww.aviasales.com%2Fsearch%2FZUR1501MRS19011%3Fdestination_airports%3D0&campaign_id=100,,MRS,Switzerland,France
Zurich,Valence,12 Jan - 15 Jan,218,https://tp.media/r?marker=598952&trs=394660&p=4114&u=https%3A%2F%2Fwww.aviasales.com%2Fsearch%2FZUR1201VAF15011%3Fdestination_airports%3D0&campaign_id=100,,VAF,Switzerland,France
Zurich,Larnaca,22 Sep - 29 Sep,224,https://tp.media/r?marker=598952&trs=394660&p=4114&u=https%3A%2F%2Fwww.aviasales.com%2Fsearch%2FZUR2209LCA29091%3Fdestination_airports%3D0&campaign_id=100,,LCA,Switzerland,Cyprus
Zurich,Chisinau,13 Apr - 26 Apr,228,https://tp.media/r?marker=598952&trs=394660&p=4114&u=https%3A%2F%2Fwww.aviasales.com%2Fsearch%2FZUR1304RMO26041%3Fdestination_airports%3D0&campaign_id=100,,RMO,Switzerland,Moldova
Zurich,Funchal,4 May - 11 May,234,https://tp.media/r?marker=598952&trs=394660&p=4114&u=https%3A%2F%2Fwww.aviasales.com%2Fsearch%2FZUR0405FNC11051%3Fdestination_airports%3D0&campaign_id=100,,FNC,Switzerland,Portugal
Zurich,Rhodes,4 Feb - 11 Feb,252,https://tp.media/r?marker=598952&trs=394660&p=4114&u=https%3A%2F%2Fwww.aviasales.com%2Fsearch%2FZUR0402RHO11021%3Fdestination_airports%3D0&campaign_id=100,,RHO,Switzerland,Greece
Zurich,Stockholm,8 Jul - 16 Jul,258,https://tp.media/r?marker=598952&trs=394660&p=4114&u=https%3A%2F%2Fwww.aviasales.com%2Fsearch%2FZUR0807STO16071%3Fdestination_airports%3D0&campaign_id=100,,STO,Switzerland,Sweden
Zurich,Ponta delgada,4 May - 18 May,272,https://tp.media/r?marker=598952&trs=394660&p=4114&u=https%3A%2F%2Fwww.aviasales.com%2Fsearch%2FZUR0405PDL18051%3Fdestination_airports%3D0&campaign_id=100,,PDL,Switzerland,Portugal
Zurich,Kayseri,29 Aug - 5 Sep,274,https://tp.media/r?marker=598952&trs=394660&p=4114&u=https%3A%2F%2Fwww.aviasales.com%2Fsearch%2FZUR2908ASR05091%3Fdestination_airports%3D0&campaign_id=100,,ASR,Switzerland,Turkey
Zurich,Izmir,19 Apr - 26 Apr,278,https://tp.media/r?marker=598952&trs=394660&p=4114&u=https%3A%2F%2Fwww.aviasales.com%2Fsearch%2FZUR1904ADB26041%3Fdestination_airports%3D0&campaign_id=100,,ADB,Switzerland,Turkey
Zurich,Elazig,1 Jan - 9 Jan,288,https://tp.media/r?marker=598952&trs=394660&p=4114&u=https%3A%2F%2Fwww.aviasales.com%2Fsearch%2FZUR0101EZS09011%3Fdestination_airports%3D0&campaign_id=100,,EZS,Switzerland,Turkey
Zurich,Bari,14 Apr - 25 Apr,295,https://tp.media/r?marker=598952&trs=394660&p=4114&u=https%3A%2F%2Fwww.aviasales.com%2Fsearch%2FZUR1404BRI25041%3Fdestination_airports%3D0&campaign_id=100,,BRI,Switzerland,Italy
Zurich,Amsterdam,30 Dec - 2 Jan,296,https://tp.media/r?marker=598952&trs=394660&p=4114&u=https%3A%2F%2Fwww.aviasales.com%2Fsearch%2FZUR3012AMS02011%3Fdestination_airports%3D0&campaign_id=100,,AMS,Switzerland,Netherlands
Zurich,Ankara,27 Dec - 9 Jan,300,https://tp.media/r?marker=598952&trs=394660&p=4114&u=https%3A%2F%2Fwww.aviasales.com%2Fsearch%2FZUR2712ESB09011%3Fdestination_airports%3D0&campaign_id=100,,ESB,Switzerland,Turkey
Zurich,Gaziantep,25 Dec - 29 Dec,446,https://tp.media/r?marker=598952&trs=394660&p=4114&u=https%3A%2F%2Fwww.aviasales.com%2Fsearch%2FZUR2512GZT29121%3Fdestination_airports%3D0&campaign_id=100,,GZT,Switzerland,Turkey
Zurich,Ordu giresun,26 Dec - 4 Jan,609,https://tp.media/r?marker=598952&trs=394660&p=4114&u=https%3A%2F%2Fwww.aviasales.com%2Fsearch%2FZUR2612OGU04011%3Fdestination_airports%3D0&campaign_id=100,,OGU,Switzerland,Turkey
Zurich,Istanbul,26 Dec - 3 Jan,796,https://tp.media/r?marker=598952&trs=394660&p=4114&u=https%3A%2F%2Fwww.aviasales.com%2Fsearch%2FZUR2612IST03011%3Fdestination_airports%3D0&campaign_id=100,,IST,Switzerland,Turkey
Zurich,Konya,24 Dec - 31 Dec,832,https://tp.media/r?marker=598952&trs=394660&p=4114&u=https%3A%2F%2Fwww.aviasales.com%2Fsearch%2FZUR2412KYA31121%3Fdestination_airports%3D0&campaign_id=100,,KYA,Switzerland,Turkey
Zurich,Erzurum,23 Dec - 3 Jan,865,https://tp.media/r?marker=598952&trs=394660&p=4114&u=https%3A%2F%2Fwww.aviasales.com%2Fsearch%2FZUR2312ERZ03011%3Fdestination_airports%3D0&campaign_id=100,,ERZ,Switzerland,Turkey
