Titre,Date_Depart,Date_Retour,Ville,Lien_Source,Lien_Facebook,Nom_Image_Locale,Trip_URL,Mois
"Suave Dance Festival Easter","2 Apr","6 Apr","Paris, France","https://placetodance.com/festivals/calendar/6925f18306f86dbdbfab25b0","https://www.facebook.com/events/1857909168145945/","suave_dance_festival_easter_0.jpg","https://tp.media/r?marker=598952&trs=394660&p=4114&u=https%3A%2F%2Fwww.aviasales.com%2Fsearch%2FORY0204ORY11%3Fdestination_airports%3D0&campaign_id=100","April"
"Baila Baila Salsa Festival 2026","2 Apr","5 Apr","Helsinki, Finland","https://placetodance.com/festivals/calendar/68fd1816e9c5d223fe32c8cf","https://www.facebook.com/events/1342599004057848/","baila_baila_salsa_festival_2026_1.jpg","https://tp.media/r?marker=598952&trs=394660&p=4114&u=https%3A%2F%2Fwww.aviasales.com%2Fsearch%2FORY0204HEL11%3Fdestination_airports%3D0&campaign_id=100","April"
"Diamond Kizomba Festival","2 Apr","6 Apr","Budapest, Hungary","https://placetodance.com/festivals/calendar/68779f2db9da100c7000b615","https://www.facebook.com/events/1910777399750539/","diamond_kizomba_festival_3.jpg","https://tp.media/r?marker=598952&trs=394660&p=4114&u=https%3A%2F%2Fwww.aviasales.com%2Fsearch%2FORY0204BUD11%3Fdestination_airports%3D0&campaign_id=100","April"
"I Love Kizomba Sensual Festival Rotterdam 2nd Edition","3 Apr","6 Apr","Rotterdam, Netherlands","https://placetodance.com/festivals/calendar/68e7b3dd6eb94a22fac267eb","https://www.facebook.com/events/1874003083464281/","i_love_kizomba_sensual_festival_rotterdam_2nd_edition_8.jpg","https://tp.media/r?marker=598952&trs=394660&p=4114&u=https%3A%2F%2Fwww.aviasales.com%2Fsearch%2FORY0304RTM11%3Fdestination_airports%3D0&campaign_id=100","April"
"𝗠𝗢𝗥𝗔𝗕𝗘𝗭𝗔 𝗞𝗜𝗭𝗢𝗠𝗕𝗔 𝗪𝗘𝗘𝗞𝗘𝗡𝗗𝗘𝗥 𝟮𝟬𝟮𝟲","3 Apr","6 Apr","Rotterdam, Netherlands","https://placetodance.com/festivals/calendar/68779f2db9da100c7000b607","https://www.facebook.com/events/645680601433122/","____________________________________________________________9.jpg","https://tp.media/r?marker=598952&trs=394660&p=4114&u=https%3A%2F%2Fwww.aviasales.com%2Fsearch%2FORY0304RTM11%3Fdestination_airports%3D0&campaign_id=100","April"
"Limoges BachataSemba Festival 2026","3 Apr","7 Apr","Limoges, France","https://placetodance.com/festivals/calendar/6925f18206f86dbdbfab2592","https://www.facebook.com/events/1692773378010290/","limoges_bachatasemba_festival_2026_10.jpg","https://tp.media/r?marker=598952&trs=394660&p=4114&u=https%3A%2F%2Fwww.aviasales.com%2Fsearch%2FORY0304LIG11%3Fdestination_airports%3D0&campaign_id=100","April"
"Masters of Bachata 9 – Road to 2026","3 Apr","6 Apr","Marseille, France","https://placetodance.com/festivals/calendar/688629e14a97ca6427ee4b19","https://www.facebook.com/events/1005097444564783/","masters_of_bachata_9___road_to_2026_12.jpg","https://tp.media/r?marker=598952&trs=394660&p=4114&u=https%3A%2F%2Fwww.aviasales.com%2Fsearch%2FORY0304MRS11%3Fdestination_airports%3D0&campaign_id=100","April"
"Bachata Open France Jack and Jill 5 Avril 2026","3 Apr","6 Apr","Lyon, France","https://placetodance.com/festivals/calendar/68fd2268e9c5d223fe32c922","https://www.facebook.com/events/1058857546268642/","bachata_open_france_jack_and_jill_5_avril_2026_14.jpg","https://tp.media/r?marker=598952&trs=394660&p=4114&u=https%3A%2F%2Fwww.aviasales.com%2Fsearch%2FORY0304LYS11%3Fdestination_airports%3D0&campaign_id=100","April"
"Oslo Kizomba Festival 2026","9 Apr","13 Apr","Oslo, Norway","https://placetodance.com/festivals/calendar/68779f2db9da100c7000b60e","https://www.facebook.com/events/684655900716563/","oslo_kizomba_festival_2026_18.jpg","https://tp.media/r?marker=598952&trs=394660&p=4114&u=https%3A%2F%2Fwww.aviasales.com%2Fsearch%2FORY0904OSL11%3Fdestination_airports%3D0&campaign_id=100","April"
"Bachata Festival Germany 2026","9 Apr","13 Apr","Stuttgart, Germany","https://placetodance.com/festivals/calendar/6925cb9706f86dbdbfab244e","https://www.facebook.com/events/2009523516250290/","bachata_festival_germany_2026_20.jpg","https://tp.media/r?marker=598952&trs=394660&p=4114&u=https%3A%2F%2Fwww.aviasales.com%2Fsearch%2FORY0904STR11%3Fdestination_airports%3D0&campaign_id=100","April"
"Crazy Kiz Spring Edition - Italy 4.0","10 Apr","12 Apr","Milan, Italy","https://placetodance.com/festivals/calendar/68779f2db9da100c7000b603","https://www.facebook.com/events/1848449342665305/","crazy_kiz_spring_edition___italy_4_0_23.jpg","https://tp.media/r?marker=598952&trs=394660&p=4114&u=https%3A%2F%2Fwww.aviasales.com%2Fsearch%2FORY1004MXP11%3Fdestination_airports%3D0&campaign_id=100","April"
"KIZOMBA BARCELONA CONGRESS 2026","10 Apr","13 Apr","BARCELONA , Spain","https://placetodance.com/festivals/calendar/68779f2db9da100c7000b5ff","https://www.facebook.com/events/1130441508851669/","kizomba_barcelona_congress_2026_26.jpg","https://tp.media/r?marker=598952&trs=394660&p=4114&u=https%3A%2F%2Fwww.aviasales.com%2Fsearch%2FORY1004BCN11%3Fdestination_airports%3D0&campaign_id=100","April"
"Elsol Bachata Festival 2026","10 Apr","22 Apr","Warsaw, Poland","https://placetodance.com/festivals/calendar/688629e24a97ca6427ee4b3a","https://www.facebook.com/events/1202018491633515/","elsol_bachata_festival_2026_28.jpg","https://tp.media/r?marker=598952&trs=394660&p=4114&u=https%3A%2F%2Fwww.aviasales.com%2Fsearch%2FORY1004WAW11%3Fdestination_airports%3D0&campaign_id=100","April"
"Mambo Duketowm Salsa & Bachata Festival 2026","10 Apr","12 Apr","Manchester, United Kingdom","https://placetodance.com/festivals/calendar/6925f18206f86dbdbfab25aa","https://www.facebook.com/events/1840349839901473/","mambo_duketowm_salsa___bachata_festival_2026_29.jpg","https://tp.media/r?marker=598952&trs=394660&p=4114&u=https%3A%2F%2Fwww.aviasales.com%2Fsearch%2FORY1004MAN11%3Fdestination_airports%3D0&campaign_id=100","April"
"Inside Festival 2026","16 Apr","20 Apr","Bordeaux, France","https://placetodance.com/festivals/calendar/68779f2db9da100c7000b600","https://www.facebook.com/events/1817959098985593/","inside_festival_2026_30.jpg","https://tp.media/r?marker=598952&trs=394660&p=4114&u=https%3A%2F%2Fwww.aviasales.com%2Fsearch%2FORY1604BOD11%3Fdestination_airports%3D0&campaign_id=100","April"
"CKC – Crystal Kizomba Congress Vienna 2026","16 Apr","20 Apr","Vienna, Austria","https://placetodance.com/festivals/calendar/68e81f0f6eb94a22fac26915","https://www.facebook.com/events/766742382918080/","ckc___crystal_kizomba_congress_vienna_2026_31.jpg","https://tp.media/r?marker=598952&trs=394660&p=4114&u=https%3A%2F%2Fwww.aviasales.com%2Fsearch%2FORY1604VIE11%3Fdestination_airports%3D0&campaign_id=100","April"
"Bachata Greece Festival","17 Apr","19 Apr","Athens, Greece","https://placetodance.com/festivals/calendar/68fd2268e9c5d223fe32c91f","https://www.facebook.com/events/1049143216544518/","bachata_greece_festival_33.jpg","https://tp.media/r?marker=598952&trs=394660&p=4114&u=https%3A%2F%2Fwww.aviasales.com%2Fsearch%2FORY1704ATH11%3Fdestination_airports%3D0&campaign_id=100","April"
"Project X Bachata Festival Riga 2026","17 Apr","19 Apr","Rīga, Lithuania","https://placetodance.com/festivals/calendar/68779f2db9da100c7000bafb","https://www.facebook.com/events/942383184706848/","project_x_bachata_festival_riga_2026_35.jpg","https://tp.media/r?marker=598952&trs=394660&p=4114&u=https%3A%2F%2Fwww.aviasales.com%2Fsearch%2FORY1704RIX11%3Fdestination_airports%3D0&campaign_id=100","April"
"Luxembourg International Kizomba Festival Around the World","23 Apr","27 Apr","Luxembourg, Luxembourg","https://placetodance.com/festivals/calendar/68779f2db9da100c7000b619","https://www.facebook.com/events/30522987623967216/","luxembourg_international_kizomba_festival_around_the_world_39.jpg","https://tp.media/r?marker=598952&trs=394660&p=4114&u=https%3A%2F%2Fwww.aviasales.com%2Fsearch%2FORY2304LUX11%3Fdestination_airports%3D0&campaign_id=100","April"
"Timbalemania 2026","24 Apr","27 Apr","Augsburg, Germany","https://placetodance.com/festivals/calendar/68fd1816e9c5d223fe32c8f6","https://www.facebook.com/events/2338855759886997/","timbalemania_2026_41.jpg","https://tp.media/r?marker=598952&trs=394660&p=4114&u=https%3A%2F%2Fwww.aviasales.com%2Fsearch%2FORY2404AGB11%3Fdestination_airports%3D0&campaign_id=100","April"
"Bachata Familyon International festival","24 Apr","26 Apr","Lyon, France","https://placetodance.com/festivals/calendar/689a3df147951c2e5078ec09","https://www.facebook.com/events/1240468907206053/","bachata_familyon_international_festival_44.jpg","https://tp.media/r?marker=598952&trs=394660&p=4114&u=https%3A%2F%2Fwww.aviasales.com%2Fsearch%2FORY2404LYS11%3Fdestination_airports%3D0&campaign_id=100","April"
"FEELING KIZOMBA FESTIVAL 2026 - Ven con Elsa y Sergi","28 Apr","3 May","Barcelona, Spain","https://placetodance.com/festivals/calendar/6884c1558dbff31b59015587","https://www.facebook.com/events/1209151150756988","feeling_kizomba_festival_2026___ven_con_elsa_y_sergi_45.jpg","https://tp.media/r?marker=598952&trs=394660&p=4114&u=https%3A%2F%2Fwww.aviasales.com%2Fsearch%2FORY2804BCN11%3Fdestination_airports%3D0&campaign_id=100","April"
"BACHATAZO BEACH FESTIVAL 2026 (Evento Oficial)","14 Aug","17 Aug","Valencia, Spain","https://placetodance.com/festivals/calendar/6925f18506f86dbdbfab2604","https://www.facebook.com/events/610090224682297/","bachatazo_beach_festival_2026__evento_oficial__9.jpg","https://tp.media/r?marker=598952&trs=394660&p=4114&u=https%3A%2F%2Fwww.aviasales.com%2Fsearch%2FORY1408VLC11%3Fdestination_airports%3D0&campaign_id=100","August"
"Roma Sensual Symposium – 9th Edition","20 Aug","25 Aug","Rome, Italy","https://placetodance.com/festivals/calendar/68f680a0cfd1f800ad2ef4e1","https://www.facebook.com/events/2009695786104317","roma_sensual_symposium___9th_edition_11.jpg","https://tp.media/r?marker=598952&trs=394660&p=4114&u=https%3A%2F%2Fwww.aviasales.com%2Fsearch%2FORY2008FCO11%3Fdestination_airports%3D0&campaign_id=100","August"
"The Battle Kizz Festival - World-Final 2026","21 Aug","24 Aug","Paris, France","https://placetodance.com/festivals/calendar/68f68970cfd1f800ad2ef513","https://www.facebook.com/events/1769268763699137/","the_battle_kizz_festival___world_final_2026_15.jpg","https://tp.media/r?marker=598952&trs=394660&p=4114&u=https%3A%2F%2Fwww.aviasales.com%2Fsearch%2FORY2108ORY11%3Fdestination_airports%3D0&campaign_id=100","August"
"Bachata Suave Experience","21 Aug","23 Aug","Marseille, France","https://placetodance.com/festivals/calendar/6925cb9a06f86dbdbfab24d8","https://www.facebook.com/events/747833341465649/","bachata_suave_experience_16.jpg","https://tp.media/r?marker=598952&trs=394660&p=4114&u=https%3A%2F%2Fwww.aviasales.com%2Fsearch%2FORY2108MRS11%3Fdestination_airports%3D0&campaign_id=100","August"
"Vilnius Bachata Fest 10th Anniversary","27 Aug","31 Aug","Vilnius, Lithuania","https://placetodance.com/festivals/calendar/6925cb9a06f86dbdbfab24c6","https://www.facebook.com/events/701713102933284/","vilnius_bachata_fest_10th_anniversary_17.jpg","https://tp.media/r?marker=598952&trs=394660&p=4114&u=https%3A%2F%2Fwww.aviasales.com%2Fsearch%2FORY2708VNO11%3Fdestination_airports%3D0&campaign_id=100","August"
"La Criolla Bachata Festival 2026","28 Aug","30 Aug","Madrid, Spain","https://placetodance.com/festivals/calendar/6925f18306f86dbdbfab25ce","https://www.facebook.com/events/24721387987474113/","la_criolla_bachata_festival_2026_18.jpg","https://tp.media/r?marker=598952&trs=394660&p=4114&u=https%3A%2F%2Fwww.aviasales.com%2Fsearch%2FORY2808MAD11%3Fdestination_airports%3D0&campaign_id=100","August"
"KizzTime – 28–30 Aug 2026 (Warsaw) – Save the Date","28 Aug","31 Aug","Warsaw, Poland","https://placetodance.com/festivals/calendar/68f680a0cfd1f800ad2ef4f3","https://www.facebook.com/events/761918136539950","kizztime___28_30_aug_2026__warsaw____save_the_date_19.jpg","https://tp.media/r?marker=598952&trs=394660&p=4114&u=https%3A%2F%2Fwww.aviasales.com%2Fsearch%2FORY2808WAW11%3Fdestination_airports%3D0&campaign_id=100","August"
"8times 2gether Urbankiz Weekender Stuttgart 2026 – Official Event","29 Aug","31 Aug","Stuttgart, Germany","https://placetodance.com/festivals/calendar/68f680a0cfd1f800ad2ef4e7","https://www.facebook.com/events/4194351410784449","8times_2gether_urbankiz_weekender_stuttgart_2026___official_event_20.jpg","https://tp.media/r?marker=598952&trs=394660&p=4114&u=https%3A%2F%2Fwww.aviasales.com%2Fsearch%2FORY2908STR11%3Fdestination_airports%3D0&campaign_id=100","August"
"HOT ICE KIZ Festival 2026 11th edition","26 Nov","1 Dec","Riga, Latvia","N/A","Non trouvé","hot_ice_kiz_festival_2026_11th_edition_0.jpg","https://tp.media/r?marker=598952&trs=394660&p=4114&u=https%3A%2F%2Fwww.aviasales.com%2Fsearch%2FORY2611RIX11%3Fdestination_airports%3D0&campaign_id=100","December"
"BAILANDO SENSUAL FESTIVAL 2026 ( 5-9th February 2026 )","5 Feb","9 Feb","Krakow, Poland","https://placetodance.com/festivals/calendar/6925f18306f86dbdbfab25c8","https://www.facebook.com/events/2211239472620731/","bailando_sensual_festival_2026___5_9th_february_2026___0.jpg","https://tp.media/r?marker=598952&trs=394660&p=4114&u=https%3A%2F%2Fwww.aviasales.com%2Fsearch%2FORY0502KRK11%3Fdestination_airports%3D0&campaign_id=100","February"
"Bachata Gala Helsinki Festival 2026","5 Feb","9 Feb","Helsinki, Finland","https://placetodance.com/festivals/calendar/689a3df147951c2e5078ec0f","https://www.facebook.com/events/1395500678374674/","bachata_gala_helsinki_festival_2026_1.jpg","https://tp.media/r?marker=598952&trs=394660&p=4114&u=https%3A%2F%2Fwww.aviasales.com%2Fsearch%2FORY0502HEL11%3Fdestination_airports%3D0&campaign_id=100","February"
"Bachata Edition Festival","5 Feb","9 Feb","Toulouse, France","https://placetodance.com/festivals/calendar/689a283247951c2e5078ebc5","https://www.facebook.com/events/1049348974033795/","bachata_edition_festival_3.jpg","https://tp.media/r?marker=598952&trs=394660&p=4114&u=https%3A%2F%2Fwww.aviasales.com%2Fsearch%2FORY0502TLS11%3Fdestination_airports%3D0&campaign_id=100","February"
"PRAGUE KWANZA FESTIVAL 2026 – Official 8th Edition","5 Feb","9 Feb","Prague, Czech Republic","https://placetodance.com/festivals/calendar/68e80f556eb94a22fac268e0","https://www.facebook.com/events/958645879237331/","prague_kwanza_festival_2026___official_8th_edition_4.jpg","https://tp.media/r?marker=598952&trs=394660&p=4114&u=https%3A%2F%2Fwww.aviasales.com%2Fsearch%2FORY0502PRG11%3Fdestination_airports%3D0&campaign_id=100","February"
"Alegria Bachata Festival Bordeaux edition 5","5 Feb","8 Feb","Paris, France","https://placetodance.com/festivals/calendar/6925cb9506f86dbdbfab2418","https://www.facebook.com/events/1362887295537835/","alegria_bachata_festival_bordeaux_edition_5_5.jpg","https://tp.media/r?marker=598952&trs=394660&p=4114&u=https%3A%2F%2Fwww.aviasales.com%2Fsearch%2FORY0502ORY11%3Fdestination_airports%3D0&campaign_id=100","February"
"Lento Dance Festival 2026 – Winter Edition ❄️","6 Feb","9 Feb","Vienna, Austria","https://placetodance.com/festivals/calendar/68fd1218e9c5d223fe32c8a7","https://www.facebook.com/events/3185998374897703/","lento_dance_festival_2026___winter_edition____7.jpg","https://tp.media/r?marker=598952&trs=394660&p=4114&u=https%3A%2F%2Fwww.aviasales.com%2Fsearch%2FORY0602VIE11%3Fdestination_airports%3D0&campaign_id=100","February"
"Luxembourg Bachata Family Festival 2026","6 Feb","8 Feb","Luxembourg, Luxembourg","https://placetodance.com/festivals/calendar/68779f2db9da100c7000bb07","https://www.facebook.com/events/615171654486729/","luxembourg_bachata_family_festival_2026_9.jpg","https://tp.media/r?marker=598952&trs=394660&p=4114&u=https%3A%2F%2Fwww.aviasales.com%2Fsearch%2FORY0602LUX11%3Fdestination_airports%3D0&campaign_id=100","February"
"Brest Bachata Festival 3","6 Feb","9 Feb","Brest, France","https://placetodance.com/festivals/calendar/6925cb9706f86dbdbfab2454","https://www.facebook.com/events/2118110322051172/","brest_bachata_festival_3_10.jpg","https://tp.media/r?marker=598952&trs=394660&p=4114&u=https%3A%2F%2Fwww.aviasales.com%2Fsearch%2FORY0602BES11%3Fdestination_airports%3D0&campaign_id=100","February"
"Ritmo de Bachata Festival 2nd Anniversary | 68 Feb 2026 | Birmingham","6 Feb","8 Feb","Birmingham, United Kingdom","https://placetodance.com/festivals/calendar/6925f18106f86dbdbfab255c","https://www.facebook.com/events/1091213696312077/","ritmo_de_bachata_festival_2nd_anniversary___68_feb_2026___birmingham_11.jpg","https://tp.media/r?marker=598952&trs=394660&p=4114&u=https%3A%2F%2Fwww.aviasales.com%2Fsearch%2FORY0602BHX11%3Fdestination_airports%3D0&campaign_id=100","February"
"BachaKizz Sensation  All in one Bachata & Kizomba","12 Feb","16 Feb","Stuttgart, Germany","https://placetodance.com/festivals/calendar/68779f2db9da100c7000bafe","https://www.facebook.com/events/669184702204783/","bachakizz_sensation__all_in_one_bachata___kizomba_15.jpg","https://tp.media/r?marker=598952&trs=394660&p=4114&u=https%3A%2F%2Fwww.aviasales.com%2Fsearch%2FORY1202STR11%3Fdestination_airports%3D0&campaign_id=100","February"
"Mallorca Latin Paradise 2026 - Ven con BailaBarcelona","13 Feb","15 Feb","Barcelona, Spain","https://placetodance.com/festivals/calendar/6925f18606f86dbdbfab262e","https://www.facebook.com/events/779829358081331/","mallorca_latin_paradise_2026___ven_con_bailabarcelona_17.jpg","https://tp.media/r?marker=598952&trs=394660&p=4114&u=https%3A%2F%2Fwww.aviasales.com%2Fsearch%2FORY1302BCN11%3Fdestination_airports%3D0&campaign_id=100","February"
"Bachata Amor Valentine’s Festival 2026","13 Feb","16 Feb","Brussels, Belgium","https://placetodance.com/festivals/calendar/68779f2db9da100c7000bb09","https://www.facebook.com/events/1386077089066693/","bachata_amor_valentine_s_festival_2026_18.jpg","https://tp.media/r?marker=598952&trs=394660&p=4114&u=https%3A%2F%2Fwww.aviasales.com%2Fsearch%2FORY1302BRU11%3Fdestination_airports%3D0&campaign_id=100","February"
"SENSUAL BACHATA FESTIVAL - 3rd EDITION","13 Feb","16 Feb","Bucharest, Romania","https://placetodance.com/festivals/calendar/68779f2db9da100c7000bab1","https://www.facebook.com/events/2384890758530706/","sensual_bachata_festival___3rd_edition_19.jpg","https://tp.media/r?marker=598952&trs=394660&p=4114&u=https%3A%2F%2Fwww.aviasales.com%2Fsearch%2FORY1302OTP11%3Fdestination_airports%3D0&campaign_id=100","February"
"Kizatours dances festival edition afro legacy","13 Feb","15 Feb","Tours, France","https://placetodance.com/festivals/calendar/68779f2db9da100c7000b693","https://www.facebook.com/events/1669984580259811/","kizatours_dances_festival_edition_afro_legacy_20.jpg","https://tp.media/r?marker=598952&trs=394660&p=4114&u=https%3A%2F%2Fwww.aviasales.com%2Fsearch%2FORY1302TUF11%3Fdestination_airports%3D0&campaign_id=100","February"
"Lille Salsa Festival 2","13 Feb","16 Feb","Lille, France","https://placetodance.com/festivals/calendar/68779f2db9da100c7000bac0","https://www.facebook.com/events/1145234520705264/","lille_salsa_festival_2_22.jpg","https://tp.media/r?marker=598952&trs=394660&p=4114&u=https%3A%2F%2Fwww.aviasales.com%2Fsearch%2FORY1302LIL11%3Fdestination_airports%3D0&campaign_id=100","February"
"NANTES SALSA, BACHATA & KIZOMBA FESTIVAL","13 Feb","16 Feb","Nantes, France","https://placetodance.com/festivals/calendar/68e7b3dd6eb94a22fac26800","https://www.facebook.com/events/747135498314093/","nantes_salsa__bachata___kizomba_festival_23.jpg","https://tp.media/r?marker=598952&trs=394660&p=4114&u=https%3A%2F%2Fwww.aviasales.com%2Fsearch%2FORY1302NTE11%3Fdestination_airports%3D0&campaign_id=100","February"
"Magic Winter 2026 Vigo","14 Feb","16 Feb","Vigo, Spain","https://placetodance.com/festivals/calendar/68e7ca906eb94a22fac2685d","https://www.facebook.com/events/1099805625131175/","magic_winter_2026_vigo_24.jpg","https://tp.media/r?marker=598952&trs=394660&p=4114&u=https%3A%2F%2Fwww.aviasales.com%2Fsearch%2FORY1402VGO11%3Fdestination_airports%3D0&campaign_id=100","February"
"Bachata Sphere Festival","19 Feb","23 Feb","Paris, France","https://placetodance.com/festivals/calendar/689a3df247951c2e5078ec30","https://www.facebook.com/events/708644831559877/","bachata_sphere_festival_28.jpg","https://tp.media/r?marker=598952&trs=394660&p=4114&u=https%3A%2F%2Fwww.aviasales.com%2Fsearch%2FORY1902ORY11%3Fdestination_airports%3D0&campaign_id=100","February"
"Alegria Festival Bordeaux 5","19 Feb","23 Feb","Bordeaux, France","https://placetodance.com/festivals/calendar/68779f2db9da100c7000b676","https://www.facebook.com/events/652078487361267/","alegria_festival_bordeaux_5_30.jpg","https://tp.media/r?marker=598952&trs=394660&p=4114&u=https%3A%2F%2Fwww.aviasales.com%2Fsearch%2FORY1902BOD11%3Fdestination_airports%3D0&campaign_id=100","February"
"All Stars Budapest Bachata Festival 2026","20 Feb","23 Feb","Budapest, Hungary","https://placetodance.com/festivals/calendar/68779f2db9da100c7000bb0a","https://www.facebook.com/events/1362025638162201/","all_stars_budapest_bachata_festival_2026_32.jpg","https://tp.media/r?marker=598952&trs=394660&p=4114&u=https%3A%2F%2Fwww.aviasales.com%2Fsearch%2FORY2002BUD11%3Fdestination_airports%3D0&campaign_id=100","February"
"Festival de salsa d Amsterdam 2026","20 Feb","22 Feb","Amsterdam, Netherlands","https://placetodance.com/festivals/calendar/6925cb9606f86dbdbfab2424","https://www.facebook.com/events/1452711012546675/","festival_de_salsa_d_amsterdam_2026_35.jpg","https://tp.media/r?marker=598952&trs=394660&p=4114&u=https%3A%2F%2Fwww.aviasales.com%2Fsearch%2FORY2002AMS11%3Fdestination_airports%3D0&campaign_id=100","February"
"The Biggest bachata festival in Scandinavia","20 Feb","22 Feb","Malmö, Sweden","https://placetodance.com/festivals/calendar/68779f2db9da100c7000baf2","https://www.facebook.com/events/1026383212839822/","the_biggest_bachata_festival_in_scandinavia_36.jpg","https://tp.media/r?marker=598952&trs=394660&p=4114&u=https%3A%2F%2Fwww.aviasales.com%2Fsearch%2FORY2002MMA11%3Fdestination_airports%3D0&campaign_id=100","February"
"Bailame Salsa Festival 3","20 Feb","22 Feb","Paris, Cuba","https://placetodance.com/festivals/calendar/6925cb9b06f86dbdbfab24f0","https://www.facebook.com/events/981503534132109/","bailame_salsa_festival_3_37.jpg","https://tp.media/r?marker=598952&trs=394660&p=4114&u=https%3A%2F%2Fwww.aviasales.com%2Fsearch%2FORY2002ORY11%3Fdestination_airports%3D0&campaign_id=100","February"
"FREEDOM ROMANTIC FESTIVAL 9ème EDITION","20 Feb","23 Feb","Rennes, France","https://placetodance.com/festivals/calendar/68e7ca906eb94a22fac2687a","https://www.facebook.com/events/656495683568934/","freedom_romantic_festival_9_me_edition_38.jpg","https://tp.media/r?marker=598952&trs=394660&p=4114&u=https%3A%2F%2Fwww.aviasales.com%2Fsearch%2FORY2002RNS11%3Fdestination_airports%3D0&campaign_id=100","February"
"Dinastia World Dance Congress 2026","26 Feb","2 Mar","Vilnius, Lithuania","https://placetodance.com/festivals/calendar/688629e24a97ca6427ee4b1c","https://www.facebook.com/events/1053898349908710/","dinastia_world_dance_congress_2026_44.jpg","https://tp.media/r?marker=598952&trs=394660&p=4114&u=https%3A%2F%2Fwww.aviasales.com%2Fsearch%2FORY2602VNO11%3Fdestination_airports%3D0&campaign_id=100","February"
"KizNover – Urban Kizomba Connection Weekend Hannover 2026","27 Feb","1 Mar","Hannover, Germany","https://placetodance.com/festivals/calendar/68e81f0f6eb94a22fac2691b","https://www.facebook.com/events/991236286222320/","kiznover___urban_kizomba_connection_weekend_hannover_2026_46.jpg","https://tp.media/r?marker=598952&trs=394660&p=4114&u=https%3A%2F%2Fwww.aviasales.com%2Fsearch%2FORY2702HAJ11%3Fdestination_airports%3D0&campaign_id=100","February"
"Baila Conmigo Congress Latino 2026","27 Feb","1 Mar","Split, Croatia","https://placetodance.com/festivals/calendar/68e7ca906eb94a22fac26892","https://www.facebook.com/events/976777167965822/","baila_conmigo_congress_latino_2026_49.jpg","https://tp.media/r?marker=598952&trs=394660&p=4114&u=https%3A%2F%2Fwww.aviasales.com%2Fsearch%2FORY2702SPU11%3Fdestination_airports%3D0&campaign_id=100","February"
"Oltenia Salsa Fest a 8-a editie","27 Feb","2 Mar","Craiova, Romania","https://placetodance.com/festivals/calendar/6925cb9906f86dbdbfab24a2","https://www.facebook.com/events/657196557227738/","oltenia_salsa_fest_a_8_a_editie_50.jpg","https://tp.media/r?marker=598952&trs=394660&p=4114&u=https%3A%2F%2Fwww.aviasales.com%2Fsearch%2FORY2702CRA11%3Fdestination_airports%3D0&campaign_id=100","February"
"Eme Kia Festival","27 Feb","2 Mar","Lisbon, Portugal","https://placetodance.com/festivals/calendar/68e7ca906eb94a22fac2687d","https://www.facebook.com/events/690548050082278/","eme_kia_festival_54.jpg","https://tp.media/r?marker=598952&trs=394660&p=4114&u=https%3A%2F%2Fwww.aviasales.com%2Fsearch%2FORY2702LIS11%3Fdestination_airports%3D0&campaign_id=100","February"
"Level'UP BACHATA festival LYON 2026","27 Feb","2 Mar","Lyon, France","https://placetodance.com/festivals/calendar/68fd1816e9c5d223fe32c8e7","https://www.facebook.com/events/1931276107674743/","level_up_bachata_festival_lyon_2026_56.jpg","https://tp.media/r?marker=598952&trs=394660&p=4114&u=https%3A%2F%2Fwww.aviasales.com%2Fsearch%2FORY2702LYS11%3Fdestination_airports%3D0&campaign_id=100","February"
"DADAM Poznań Kizomba Festival 2026","27 Feb","1 Mar","Poznań, Poland","https://placetodance.com/festivals/calendar/68f68970cfd1f800ad2ef519","https://www.facebook.com/events/2208810286241867/","dadam_pozna__kizomba_festival_2026_57.jpg","https://tp.media/r?marker=598952&trs=394660&p=4114&u=https%3A%2F%2Fwww.aviasales.com%2Fsearch%2FORY2702POZ11%3Fdestination_airports%3D0&campaign_id=100","February"
"5th Kizzaffaire Official Event","9 Jan","12 Jan","Warsaw, Poland","https://placetodance.com/festivals/calendar/68779f2db9da100c7000b61f","https://www.facebook.com/events/1691488048418511/","5th_kizzaffaire_official_event_6.jpg","https://tp.media/r?marker=598952&trs=394660&p=4114&u=https%3A%2F%2Fwww.aviasales.com%2Fsearch%2FORY0901WAW11%3Fdestination_airports%3D0&campaign_id=100","January"
"Dominican Swag Festival 2026","9 Jan","11 Jan","Amsterdam, Netherlands","https://placetodance.com/festivals/calendar/68779f2db9da100c7000baba","https://www.facebook.com/events/649075307691523/","dominican_swag_festival_2026_7.jpg","https://tp.media/r?marker=598952&trs=394660&p=4114&u=https%3A%2F%2Fwww.aviasales.com%2Fsearch%2FORY0901AMS11%3Fdestination_airports%3D0&campaign_id=100","January"
"YEKRIK KIZOMBA DAYS 2026 | Marathon Edition","9 Jan","11 Jan","Barcelona, Spain","https://placetodance.com/festivals/calendar/68779f2db9da100c7000b61e","https://www.facebook.com/events/563654426435649/","yekrik_kizomba_days_2026___marathon_edition_9.jpg","https://tp.media/r?marker=598952&trs=394660&p=4114&u=https%3A%2F%2Fwww.aviasales.com%2Fsearch%2FORY0901BCN11%3Fdestination_airports%3D0&campaign_id=100","January"
"Certeza 3","9 Jan","11 Jan","Zürich, Switzerland","https://placetodance.com/festivals/calendar/68e7ca906eb94a22fac26863","https://www.facebook.com/events/1185881635877345/","certeza_3_10.jpg","https://tp.media/r?marker=598952&trs=394660&p=4114&u=https%3A%2F%2Fwww.aviasales.com%2Fsearch%2FORY0901ZRH11%3Fdestination_airports%3D0&campaign_id=100","January"
"Bachata Festival","14 Jan","19 Jan","Vienna, Austria","https://placetodance.com/festivals/calendar/6925f18206f86dbdbfab259e","https://www.facebook.com/events/1755796711966627/","bachata_festival_11.jpg","https://tp.media/r?marker=598952&trs=394660&p=4114&u=https%3A%2F%2Fwww.aviasales.com%2Fsearch%2FORY1401VIE11%3Fdestination_airports%3D0&campaign_id=100","January"
"Bachata Sensual World Congress 2026 - BSWC26'","14 Jan","16 Jan","Valencia, Spain","https://placetodance.com/festivals/calendar/6925f18206f86dbdbfab258c","https://www.facebook.com/events/1664879101073480/","bachata_sensual_world_congress_2026___bswc26__12.jpg","https://tp.media/r?marker=598952&trs=394660&p=4114&u=https%3A%2F%2Fwww.aviasales.com%2Fsearch%2FORY1401VLC11%3Fdestination_airports%3D0&campaign_id=100","January"
"Bachata Sensual World Congress 2026 (BSWC) - Ven con BailaBarcelona","14 Jan","19 Jan","Barcelona, Spain","https://placetodance.com/festivals/calendar/6925f18406f86dbdbfab25da","https://www.facebook.com/events/2682911405388397/","bachata_sensual_world_congress_2026__bswc____ven_con_bailabarcelona_13.jpg","https://tp.media/r?marker=598952&trs=394660&p=4114&u=https%3A%2F%2Fwww.aviasales.com%2Fsearch%2FORY1401BCN11%3Fdestination_airports%3D0&campaign_id=100","January"
"Bachata Corazon 9th ANNIVERSARY FESTIVAL #BCAF2026","15 Jan","17 Jan","Valencia, Spain","https://placetodance.com/festivals/calendar/6925f18306f86dbdbfab25b6","https://www.facebook.com/events/1864757451035412/","bachata_corazon_9th_anniversary_festival__bcaf2026_14.jpg","https://tp.media/r?marker=598952&trs=394660&p=4114&u=https%3A%2F%2Fwww.aviasales.com%2Fsearch%2FORY1501VLC11%3Fdestination_airports%3D0&campaign_id=100","January"
"Magic Slovenian Salsa Festival - Official event","15 Jan","19 Jan","Ljubljana, Slovenia","https://placetodance.com/festivals/calendar/68fd1816e9c5d223fe32c905","https://www.facebook.com/events/826630599694090/","magic_slovenian_salsa_festival___official_event_15.jpg","https://tp.media/r?marker=598952&trs=394660&p=4114&u=https%3A%2F%2Fwww.aviasales.com%2Fsearch%2FORY1501LJU11%3Fdestination_airports%3D0&campaign_id=100","January"
"Diamond Winter Edition - 16 & 17 Janvier 2026","16 Jan","18 Jan","Lyon, France","https://placetodance.com/festivals/calendar/6925f18306f86dbdbfab25c2","https://www.facebook.com/events/2192295151293668/","diamond_winter_edition___16___17_janvier_2026_17.jpg","https://tp.media/r?marker=598952&trs=394660&p=4114&u=https%3A%2F%2Fwww.aviasales.com%2Fsearch%2FORY1601LYS11%3Fdestination_airports%3D0&campaign_id=100","January"
"RENNES KIZOMBA FESTIVAL 2026 - 3em EDITION","16 Jan","18 Jan","Rennes, France","https://placetodance.com/festivals/calendar/68779f2db9da100c7000b68c","https://www.facebook.com/events/612456564608173/","rennes_kizomba_festival_2026___3em_edition_18.jpg","https://tp.media/r?marker=598952&trs=394660&p=4114&u=https%3A%2F%2Fwww.aviasales.com%2Fsearch%2FORY1601RNS11%3Fdestination_airports%3D0&campaign_id=100","January"
"Crazy Lion Bachata Congress 2026","16 Jan","19 Jan","Gothenburg, Sweden","https://placetodance.com/festivals/calendar/68779f2db9da100c7000bab7","https://www.facebook.com/events/985857286306492/","crazy_lion_bachata_congress_2026_19.jpg","https://tp.media/r?marker=598952&trs=394660&p=4114&u=https%3A%2F%2Fwww.aviasales.com%2Fsearch%2FORY1601GOT11%3Fdestination_airports%3D0&campaign_id=100","January"
"Mopao Kiz Festival","22 Jan","26 Jan","Gothenburg, Sweden","https://placetodance.com/festivals/calendar/68779f2db9da100c7000b695","https://www.facebook.com/events/953418306897193/","mopao_kiz_festival_22.jpg","https://tp.media/r?marker=598952&trs=394660&p=4114&u=https%3A%2F%2Fwww.aviasales.com%2Fsearch%2FORY2201GOT11%3Fdestination_airports%3D0&campaign_id=100","January"
"Bkiz V 2026","22 Jan","26 Jan","Birmingham, United Kingdom","https://placetodance.com/festivals/calendar/68e7cb356eb94a22fac268a3","https://www.facebook.com/events/1790505578452630/","bkiz_v_2026_23.jpg","https://tp.media/r?marker=598952&trs=394660&p=4114&u=https%3A%2F%2Fwww.aviasales.com%2Fsearch%2FORY2201BHX11%3Fdestination_airports%3D0&campaign_id=100","January"
"Big 3 Festival","23 Jan","25 Jan","Hamburg, Germany","https://placetodance.com/festivals/calendar/689a474f47951c2e5078ec53","https://www.facebook.com/events/3786889268288733/","big_3_festival_26.jpg","https://tp.media/r?marker=598952&trs=394660&p=4114&u=https%3A%2F%2Fwww.aviasales.com%2Fsearch%2FORY2301HAM11%3Fdestination_airports%3D0&campaign_id=100","January"
"Firenze Kizomba Salsa e Bachata Festival 2026 (12th Edition)","23 Jan","25 Jan","Florence, Italy","https://placetodance.com/festivals/calendar/68f68970cfd1f800ad2ef528","https://www.facebook.com/events/621177793688347/","firenze_kizomba_salsa_e_bachata_festival_2026__12th_edition__29.jpg","https://tp.media/r?marker=598952&trs=394660&p=4114&u=https%3A%2F%2Fwww.aviasales.com%2Fsearch%2FORY2301FLR11%3Fdestination_airports%3D0&campaign_id=100","January"
"Para el alma divertir • Son Weekend 2026","23 Jan","26 Jan","Augsburg, Germany","https://placetodance.com/festivals/calendar/68fd1816e9c5d223fe32c8d2","https://www.facebook.com/events/1380855263068061/","para_el_alma_divertir___son_weekend_2026_30.jpg","https://tp.media/r?marker=598952&trs=394660&p=4114&u=https%3A%2F%2Fwww.aviasales.com%2Fsearch%2FORY2301AGB11%3Fdestination_airports%3D0&campaign_id=100","January"
"ABCD Festival 2026 - The UK's Biggest 3 Days SBK Festival - Official Event","29 Jan","2 Feb","London, United Kingdom","https://placetodance.com/festivals/calendar/689a283247951c2e5078ebbf","https://www.facebook.com/events/1004319487956017/","abcd_festival_2026___the_uk_s_biggest_3_days_sbk_festival___official_event_35.jpg","https://tp.media/r?marker=598952&trs=394660&p=4114&u=https%3A%2F%2Fwww.aviasales.com%2Fsearch%2FORY2901LCY11%3Fdestination_airports%3D0&campaign_id=100","January"
"Latin Dreams Festival 2026 (All in One Hotel)","30 Jan","1 Feb","Charleroi, Belgium","https://placetodance.com/festivals/calendar/689a283247951c2e5078ebe9","https://www.facebook.com/events/3821866304746520/","latin_dreams_festival_2026__all_in_one_hotel__40.jpg","https://tp.media/r?marker=598952&trs=394660&p=4114&u=https%3A%2F%2Fwww.aviasales.com%2Fsearch%2FORY3001CRL11%3Fdestination_airports%3D0&campaign_id=100","January"
"Ta Bom African Rhythms","30 Jan","2 Feb","Madrid, Spain","https://placetodance.com/festivals/calendar/68779f2db9da100c7000b61b","https://www.facebook.com/events/9676477769049285/","ta_bom_african_rhythms_42.jpg","https://tp.media/r?marker=598952&trs=394660&p=4114&u=https%3A%2F%2Fwww.aviasales.com%2Fsearch%2FORY3001MAD11%3Fdestination_airports%3D0&campaign_id=100","January"
"Queens & Kings - Royals Of Kiz","30 Jan","2 Feb","Cluj-Napoca, Romania","https://placetodance.com/festivals/calendar/68e7ca906eb94a22fac26895","https://www.facebook.com/events/994110349372920/","queens___kings___royals_of_kiz_45.jpg","https://tp.media/r?marker=598952&trs=394660&p=4114&u=https%3A%2F%2Fwww.aviasales.com%2Fsearch%2FORY3001CLJ11%3Fdestination_airports%3D0&campaign_id=100","January"
"11th Suave Dance Festival Paris (Official)","23 Jan","26 Jan","Paris, France","https://placetodance.com/festivals/calendar/68779f2db9da100c7000b61c","https://www.facebook.com/events/969335714527613/","11th_suave_dance_festival_paris__official__28.jpg","https://tp.media/r?marker=598952&trs=394660&p=4114&u=https%3A%2F%2Fwww.aviasales.com%2Fsearch%2FORY2301ORY11%3Fdestination_airports%3D0&campaign_id=100","January"
"Kizomba Fusion LaPlaya Festival vol. 3","3 Jul","5 Jul","Gdańsk, Poland","https://placetodance.com/festivals/calendar/68f68970cfd1f800ad2ef525","https://www.facebook.com/events/3602534763383656/","kizomba_fusion_laplaya_festival_vol__3_2.jpg","https://tp.media/r?marker=598952&trs=394660&p=4114&u=https%3A%2F%2Fwww.aviasales.com%2Fsearch%2FORY0307GDN11%3Fdestination_airports%3D0&campaign_id=100","July"
"Kaunas Bachata Festival 2026","3 Jul","6 Jul","Kaunas, Lithuania","https://placetodance.com/festivals/calendar/689a283347951c2e5078ebec","https://www.facebook.com/events/605670762549926/","kaunas_bachata_festival_2026_3.jpg","https://tp.media/r?marker=598952&trs=394660&p=4114&u=https%3A%2F%2Fwww.aviasales.com%2Fsearch%2FORY0307KUN11%3Fdestination_airports%3D0&campaign_id=100","July"
"Bratislava Kizomba Festival","3 Jul","6 Jul","Bratislava, Slovakia","https://placetodance.com/festivals/calendar/68e7b3dd6eb94a22fac267e8","https://www.facebook.com/events/1753809955313176/","bratislava_kizomba_festival_5.jpg","https://tp.media/r?marker=598952&trs=394660&p=4114&u=https%3A%2F%2Fwww.aviasales.com%2Fsearch%2FORY0307BTS11%3Fdestination_airports%3D0&campaign_id=100","July"
"Pure Kizzz *The Last* Summer Edition","4 Jul","6 Jul","Dortmund, Germany","https://placetodance.com/festivals/calendar/6884c1558dbff31b59015599","https://www.facebook.com/events/1761279027930457","pure_kizzz__the_last__summer_edition_7.jpg","https://tp.media/r?marker=598952&trs=394660&p=4114&u=https%3A%2F%2Fwww.aviasales.com%2Fsearch%2FORY0407DTM11%3Fdestination_airports%3D0&campaign_id=100","July"
"PORTO KIZOMBA FESTIVAL SUMMER PARADISE 2026","8 Jul","12 Jul","Porto, Portugal","https://placetodance.com/festivals/calendar/6884c1558dbff31b59015596","https://www.facebook.com/events/1453150042363753","porto_kizomba_festival_summer_paradise_2026_10.jpg","https://tp.media/r?marker=598952&trs=394660&p=4114&u=https%3A%2F%2Fwww.aviasales.com%2Fsearch%2FORY0807OPO11%3Fdestination_airports%3D0&campaign_id=100","July"
"Tropical Oporto Dance Congress","10 Jul","12 Jul","Porto, Portugal","https://placetodance.com/festivals/calendar/68861ce24a97ca6427ee4aca","https://www.facebook.com/events/1111615100822812","tropical_oporto_dance_congress_14.jpg","https://tp.media/r?marker=598952&trs=394660&p=4114&u=https%3A%2F%2Fwww.aviasales.com%2Fsearch%2FORY1007OPO11%3Fdestination_airports%3D0&campaign_id=100","July"
"STRASBOURG BACHATA FESTIVAL 2026","10 Jul","13 Jul","Madrid, Spain","https://placetodance.com/festivals/calendar/6925cb9406f86dbdbfab23f1","https://www.facebook.com/events/1165835908469324/","strasbourg_bachata_festival_2026_15.jpg","https://tp.media/r?marker=598952&trs=394660&p=4114&u=https%3A%2F%2Fwww.aviasales.com%2Fsearch%2FORY1007MAD11%3Fdestination_airports%3D0&campaign_id=100","July"
"Alegria Summer Weekender 3","10 Jul","13 Jul","Bordeaux, France","https://placetodance.com/festivals/calendar/68e7bb216eb94a22fac26846","https://www.facebook.com/events/767970129017852/","alegria_summer_weekender_3_16.jpg","https://tp.media/r?marker=598952&trs=394660&p=4114&u=https%3A%2F%2Fwww.aviasales.com%2Fsearch%2FORY1007BOD11%3Fdestination_airports%3D0&campaign_id=100","July"
"Kizomba Spain WORLD CONGRESS 2026 - Ven con Elsa y Sergi","15 Jul","20 Jul","Barcelona, Spain","https://placetodance.com/festivals/calendar/6884c1558dbff31b5901559c","https://www.facebook.com/events/2977109012478364","kizomba_spain_world_congress_2026___ven_con_elsa_y_sergi_19.jpg","https://tp.media/r?marker=598952&trs=394660&p=4114&u=https%3A%2F%2Fwww.aviasales.com%2Fsearch%2FORY1507BCN11%3Fdestination_airports%3D0&campaign_id=100","July"
"Salsa Dance Festival 2026","21 Jul","27 Jul","Portorož, Slovenia","https://placetodance.com/festivals/calendar/68fd2268e9c5d223fe32c92e","https://www.facebook.com/events/1435989304350799/","salsa_dance_festival_2026_22.jpg","https://tp.media/r?marker=598952&trs=394660&p=4114&u=https%3A%2F%2Fwww.aviasales.com%2Fsearch%2FORY2107POW11%3Fdestination_airports%3D0&campaign_id=100","July"
"Berlin Kizzes Festival 2026 (Official)","23 Jul","27 Jul","Berlin, Germany","https://placetodance.com/festivals/calendar/68f68970cfd1f800ad2ef522","https://www.facebook.com/events/24242783972016833/","berlin_kizzes_festival_2026__official__23.jpg","https://tp.media/r?marker=598952&trs=394660&p=4114&u=https%3A%2F%2Fwww.aviasales.com%2Fsearch%2FORY2307BER11%3Fdestination_airports%3D0&campaign_id=100","July"
"GROOVE N' KIZOMBA FESTIVAL - 9th Edition - ALL IN ONE - July 23-27, 2026","24 Jul","27 Jul","Laval, Canada","https://placetodance.com/festivals/calendar/68f68970cfd1f800ad2ef50a","https://www.facebook.com/events/1500419441325528","groove_n__kizomba_festival___9th_edition___all_in_one___july_23_27__2026_24.jpg","https://tp.media/r?marker=598952&trs=394660&p=4114&u=https%3A%2F%2Fwww.aviasales.com%2Fsearch%2FORY2407LVA11%3Fdestination_airports%3D0&campaign_id=100","July"
"BCN Dance Life HOT Weekend - Julio 2026 - Ven con BailaBarcelona","24 Jul","27 Jul","Barcelona, Spain","https://placetodance.com/festivals/calendar/6925f18506f86dbdbfab25fe","https://www.facebook.com/events/4407015546104707/","bcn_dance_life_hot_weekend___julio_2026___ven_con_bailabarcelona_25.jpg","https://tp.media/r?marker=598952&trs=394660&p=4114&u=https%3A%2F%2Fwww.aviasales.com%2Fsearch%2FORY2407BCN11%3Fdestination_airports%3D0&campaign_id=100","July"
"Viva Latin Summer 2026","30 Jul","3 Aug","Amsterdam, Netherlands","https://placetodance.com/festivals/calendar/68e81f0f6eb94a22fac26900","https://www.facebook.com/events/3222576571239877/","viva_latin_summer_2026_27.jpg","https://tp.media/r?marker=598952&trs=394660&p=4114&u=https%3A%2F%2Fwww.aviasales.com%2Fsearch%2FORY3007AMS11%3Fdestination_airports%3D0&campaign_id=100","July"
"Alchemy Kizomba Festival","31 Jul","3 Aug","Cluj-Napoca, Romania","https://placetodance.com/festivals/calendar/6925f58a06f86dbdbfab2680","https://www.facebook.com/events/1603262817709390/","alchemy_kizomba_festival_29.jpg","https://tp.media/r?marker=598952&trs=394660&p=4114&u=https%3A%2F%2Fwww.aviasales.com%2Fsearch%2FORY3107CLJ11%3Fdestination_airports%3D0&campaign_id=100","July"
"Brussels Retro Salsa Fest 3","31 Jul","2 Aug","Brussels, Belgium","https://placetodance.com/festivals/calendar/689a524347951c2e5078ec74","https://www.facebook.com/events/1056258916708646/","brussels_retro_salsa_fest_3_30.jpg","https://tp.media/r?marker=598952&trs=394660&p=4114&u=https%3A%2F%2Fwww.aviasales.com%2Fsearch%2FORY3107BRU11%3Fdestination_airports%3D0&campaign_id=100","July"
"Dealers de Kiz Festival 2026 DDK Nation","1 Aug","4 Aug","Nîmes, France","https://placetodance.com/festivals/calendar/68f68970cfd1f800ad2ef516","https://www.facebook.com/events/1824993321390274/","dealers_de_kiz_festival_2026_ddk_nation_31.jpg","https://tp.media/r?marker=598952&trs=394660&p=4114&u=https%3A%2F%2Fwww.aviasales.com%2Fsearch%2FORY0108FNI11%3Fdestination_airports%3D0&campaign_id=100","July"
"Latino Fit Festival 7 – Poitiers 2026","6 Jun","8 Jun","Poitiers, France","https://placetodance.com/festivals/calendar/688629e24a97ca6427ee4b55","https://www.facebook.com/events/4119815708305487/","latino_fit_festival_7___poitiers_2026_6.jpg","https://tp.media/r?marker=598952&trs=394660&p=4114&u=https%3A%2F%2Fwww.aviasales.com%2Fsearch%2FORY0606PIS11%3Fdestination_airports%3D0&campaign_id=100","June"
"Pure Bachata Beach Festival 2026 - Roses (near Barcelona)","14 Jun","21 Jun","Barcelona, Spain","https://placetodance.com/festivals/calendar/6925f18506f86dbdbfab2622","https://www.facebook.com/events/693634603811449/","pure_bachata_beach_festival_2026___roses__near_barcelona__13.jpg","https://tp.media/r?marker=598952&trs=394660&p=4114&u=https%3A%2F%2Fwww.aviasales.com%2Fsearch%2FORY1406BCN11%3Fdestination_airports%3D0&campaign_id=100","June"
"Kizz Ryders Festival Krakow 2026","19 Jun","22 Jun","Kraków, Poland","https://placetodance.com/festivals/calendar/68f68d5fcfd1f800ad2ef53b","https://www.facebook.com/events/1968193480588092","kizz_ryders_festival_krakow_2026_17.jpg","https://tp.media/r?marker=598952&trs=394660&p=4114&u=https%3A%2F%2Fwww.aviasales.com%2Fsearch%2FORY1906KRK11%3Fdestination_airports%3D0&campaign_id=100","June"
"Fusionkizz Festival Vol3 2026","19 Jun","22 Jun","Aarhus, Denmark","https://placetodance.com/festivals/calendar/6884c1558dbff31b5901557e","https://www.facebook.com/events/1062512652015416","fusionkizz_festival_vol3_2026_18.jpg","https://tp.media/r?marker=598952&trs=394660&p=4114&u=https%3A%2F%2Fwww.aviasales.com%2Fsearch%2FORY1906AAR11%3Fdestination_airports%3D0&campaign_id=100","June"
"SANTA SUSANNA BARCELONA SALSA, BACHATA with a splash of Kizomba","24 Jun","27 Jun","Barcelona, Spain","https://placetodance.com/festivals/calendar/6925cb9a06f86dbdbfab24cc","https://www.facebook.com/events/702204192717354/","santa_susanna_barcelona_salsa__bachata_with_a_splash_of_kizomba_22.jpg","https://tp.media/r?marker=598952&trs=394660&p=4114&u=https%3A%2F%2Fwww.aviasales.com%2Fsearch%2FORY2406BCN11%3Fdestination_airports%3D0&campaign_id=100","June"
"MADRID SUMMER FESTIVAL 2026 (Evento Oficial)","26 Jun","28 Jun","Madrid, Spain","https://placetodance.com/festivals/calendar/68779f2db9da100c7000bae8","https://www.facebook.com/events/1177187964179602/","madrid_summer_festival_2026__evento_oficial__26.jpg","https://tp.media/r?marker=598952&trs=394660&p=4114&u=https%3A%2F%2Fwww.aviasales.com%2Fsearch%2FORY2606MAD11%3Fdestination_airports%3D0&campaign_id=100","June"
"Annecy Bachata Lake Festival 5ème édition et 10 ans d'Annecy Bachata (official event)","26 Jun","29 Jun","Annecy, France","https://placetodance.com/festivals/calendar/68fd1218e9c5d223fe32c882","https://www.facebook.com/events/1071242251793603/","annecy_bachata_lake_festival_5_me__dition_et_10_ans_d_annecy_bachata__official_event__27.jpg","https://tp.media/r?marker=598952&trs=394660&p=4114&u=https%3A%2F%2Fwww.aviasales.com%2Fsearch%2FORY2606NCY11%3Fdestination_airports%3D0&campaign_id=100","June"
"MWANGOLÉ Festival Paris 2026 - Gala Edition (Official event)","26 Jun","29 Jun","Paris, France","https://placetodance.com/festivals/calendar/68e7bb216eb94a22fac26840","https://www.facebook.com/events/718213974162645/","mwangol__festival_paris_2026___gala_edition__official_event__28.jpg","https://tp.media/r?marker=598952&trs=394660&p=4114&u=https%3A%2F%2Fwww.aviasales.com%2Fsearch%2FORY2606ORY11%3Fdestination_airports%3D0&campaign_id=100","June"
"BCN Sensual Family - The Weekend 2026 - Ven con BailaBarcelona","3 Mar","9 Mar","Barcelona, Spain","https://placetodance.com/festivals/calendar/6925f18506f86dbdbfab25f8","https://www.facebook.com/events/4229604037255180/","bcn_sensual_family___the_weekend_2026___ven_con_bailabarcelona_0.jpg","https://tp.media/r?marker=598952&trs=394660&p=4114&u=https%3A%2F%2Fwww.aviasales.com%2Fsearch%2FORY0303BCN11%3Fdestination_airports%3D0&campaign_id=100","March"
"Kizomba Tallinn Festival 2026","5 Mar","9 Mar","Tallinn, Estonia","https://placetodance.com/festivals/calendar/68779f2db9da100c7000b68e","https://www.facebook.com/events/918959480410135/","kizomba_tallinn_festival_2026_1.jpg","https://tp.media/r?marker=598952&trs=394660&p=4114&u=https%3A%2F%2Fwww.aviasales.com%2Fsearch%2FORY0503TLL11%3Fdestination_airports%3D0&campaign_id=100","March"
"Badja Kiz Warsaw 2026","6 Mar","9 Mar","Warsaw, Poland","https://placetodance.com/festivals/calendar/68e81f0f6eb94a22fac2690c","https://www.facebook.com/events/689929644122451/","badja_kiz_warsaw_2026_2.jpg","https://tp.media/r?marker=598952&trs=394660&p=4114&u=https%3A%2F%2Fwww.aviasales.com%2Fsearch%2FORY0603WAW11%3Fdestination_airports%3D0&campaign_id=100","March"
"Vienna Paraiso Festival 2026 - Bachata & Zouk Edition","6 Mar","9 Mar","Vienna, Austria","https://placetodance.com/festivals/calendar/689a3df147951c2e5078ec03","https://www.facebook.com/events/1054047936859466/","vienna_paraiso_festival_2026___bachata___zouk_edition_6.jpg","https://tp.media/r?marker=598952&trs=394660&p=4114&u=https%3A%2F%2Fwww.aviasales.com%2Fsearch%2FORY0603VIE11%3Fdestination_airports%3D0&campaign_id=100","March"
"Salsa Mastery Festival, Timba Mastery Festival","6 Mar","9 Mar","Cologne, Germany","https://placetodance.com/festivals/calendar/6925cb9906f86dbdbfab2496","https://www.facebook.com/events/535302666313885/","salsa_mastery_festival__timba_mastery_festival_8.jpg","https://tp.media/r?marker=598952&trs=394660&p=4114&u=https%3A%2F%2Fwww.aviasales.com%2Fsearch%2FORY0603CGN11%3Fdestination_airports%3D0&campaign_id=100","March"
"Shattakiz Weekender 2026","6 Mar","9 Mar","Geneva, Switzerland","https://placetodance.com/festivals/calendar/68e7cb356eb94a22fac268a0","https://www.facebook.com/events/1429530971499668/","shattakiz_weekender_2026_10.jpg","https://tp.media/r?marker=598952&trs=394660&p=4114&u=https%3A%2F%2Fwww.aviasales.com%2Fsearch%2FORY0603GVA11%3Fdestination_airports%3D0&campaign_id=100","March"
"Mambo Bratislava Weekend 8th Edition","7 Mar","9 Mar","Bratislava, Slovakia","https://placetodance.com/festivals/calendar/68fd1218e9c5d223fe32c894","https://www.facebook.com/events/1295869392047846/","mambo_bratislava_weekend_8th_edition_12.jpg","https://tp.media/r?marker=598952&trs=394660&p=4114&u=https%3A%2F%2Fwww.aviasales.com%2Fsearch%2FORY0703BTS11%3Fdestination_airports%3D0&campaign_id=100","March"
"Salsa Addicted Festival 2025","12 Mar","16 Mar","Timișoara, Romania","https://placetodance.com/festivals/calendar/68779f2db9da100c7000bb27","https://www.facebook.com/events/9636271219770056/","salsa_addicted_festival_2025_14.jpg","https://tp.media/r?marker=598952&trs=394660&p=4114&u=https%3A%2F%2Fwww.aviasales.com%2Fsearch%2FORY1203TSR11%3Fdestination_airports%3D0&campaign_id=100","March"
"Lago Latino Festival","13 Mar","15 Mar","Ioannina, Greece","https://placetodance.com/festivals/calendar/6925f18706f86dbdbfab2658","https://www.facebook.com/events/9705405906249547/","lago_latino_festival_15.jpg","https://tp.media/r?marker=598952&trs=394660&p=4114&u=https%3A%2F%2Fwww.aviasales.com%2Fsearch%2FORY1303IOA11%3Fdestination_airports%3D0&campaign_id=100","March"
"KIZ BREAK FESTIVAL CARIBBEAN EDITION","13 Mar","15 Mar","Poitiers, France","https://placetodance.com/festivals/calendar/68779f2db9da100c7000b65d","https://www.facebook.com/events/9650191231697622/","kiz_break_festival_caribbean_edition_18.jpg","https://tp.media/r?marker=598952&trs=394660&p=4114&u=https%3A%2F%2Fwww.aviasales.com%2Fsearch%2FORY1303PIS11%3Fdestination_airports%3D0&campaign_id=100","March"
"VIBRAS – Cracow Bachata Festival 2026 (2nd Edition)","13 Mar","15 Mar","Kraków, Poland","https://placetodance.com/festivals/calendar/68fd2269e9c5d223fe32c93d","https://www.facebook.com/events/2528431964186080/","vibras___cracow_bachata_festival_2026__2nd_edition__19.jpg","https://tp.media/r?marker=598952&trs=394660&p=4114&u=https%3A%2F%2Fwww.aviasales.com%2Fsearch%2FORY1303KRK11%3Fdestination_airports%3D0&campaign_id=100","March"
"DominicanRise Bachata Festival 2026","13 Mar","15 Mar","Marseille, Spain","https://placetodance.com/festivals/calendar/6925cb9b06f86dbdbfab24e4","https://www.facebook.com/events/820600207645842/","dominicanrise_bachata_festival_2026_23.jpg","https://tp.media/r?marker=598952&trs=394660&p=4114&u=https%3A%2F%2Fwww.aviasales.com%2Fsearch%2FORY1303MRS11%3Fdestination_airports%3D0&campaign_id=100","March"
"Latin Vibes Festival 2026","13 Mar","16 Mar","Copenhagen, Denmark","https://placetodance.com/festivals/calendar/688629e24a97ca6427ee4b43","https://www.facebook.com/events/1388969709216139/","latin_vibes_festival_2026_24.jpg","https://tp.media/r?marker=598952&trs=394660&p=4114&u=https%3A%2F%2Fwww.aviasales.com%2Fsearch%2FORY1303CPH11%3Fdestination_airports%3D0&campaign_id=100","March"
"TENTAÇÃO WINTER EXPERIENCE Zurich","13 Mar","16 Mar","Zürich, Switzerland","https://placetodance.com/festivals/calendar/68e7ca906eb94a22fac26883","https://www.facebook.com/events/725893219988431/","tenta__o_winter_experience_zurich_25.jpg","https://tp.media/r?marker=598952&trs=394660&p=4114&u=https%3A%2F%2Fwww.aviasales.com%2Fsearch%2FORY1303ZRH11%3Fdestination_airports%3D0&campaign_id=100","March"
"Me Salsa Fest","13 Mar","16 Mar","Birmingham, Cuba","https://placetodance.com/festivals/calendar/6925cb9306f86dbdbfab23d3","https://www.facebook.com/events/1012406077412191/","me_salsa_fest_26.jpg","https://tp.media/r?marker=598952&trs=394660&p=4114&u=https%3A%2F%2Fwww.aviasales.com%2Fsearch%2FORY1303BHX11%3Fdestination_airports%3D0&campaign_id=100","March"
"Festival Salsa Carnaval 2026","13 Mar","16 Mar","Limoges, France","https://placetodance.com/festivals/calendar/68fd1816e9c5d223fe32c8d5","https://www.facebook.com/events/1418625742699440/","festival_salsa_carnaval_2026_28.jpg","https://tp.media/r?marker=598952&trs=394660&p=4114&u=https%3A%2F%2Fwww.aviasales.com%2Fsearch%2FORY1303LIG11%3Fdestination_airports%3D0&campaign_id=100","March"
"BINDAAS Bachata - The Social Dancing Festival in Amsterdam - 3rd Anniversary","14 Mar","16 Mar","Amsterdam, Netherlands","https://placetodance.com/festivals/calendar/689a283247951c2e5078ebc2","https://www.facebook.com/events/1016720840533016/","bindaas_bachata___the_social_dancing_festival_in_amsterdam___3rd_anniversary_29.jpg","https://tp.media/r?marker=598952&trs=394660&p=4114&u=https%3A%2F%2Fwww.aviasales.com%2Fsearch%2FORY1403AMS11%3Fdestination_airports%3D0&campaign_id=100","March"
"Wonderland Berlin Festival, 19-23 March 2026","17 Mar","23 Mar","Berlin, Germany","https://placetodance.com/festivals/calendar/68e7ca906eb94a22fac26877","https://www.facebook.com/events/649411800910622/","wonderland_berlin_festival__19_23_march_2026_30.jpg","https://tp.media/r?marker=598952&trs=394660&p=4114&u=https%3A%2F%2Fwww.aviasales.com%2Fsearch%2FORY1703BER11%3Fdestination_airports%3D0&campaign_id=100","March"
"Sweden Bachata Festival","19 Mar","23 Mar","Gothenburg, Sweden","https://placetodance.com/festivals/calendar/68fd1816e9c5d223fe32c8e4","https://www.facebook.com/events/1907328793163853/","sweden_bachata_festival_31.jpg","https://tp.media/r?marker=598952&trs=394660&p=4114&u=https%3A%2F%2Fwww.aviasales.com%2Fsearch%2FORY1903GOT11%3Fdestination_airports%3D0&campaign_id=100","March"
"Loves Kizomba Origins 2026","20 Mar","23 Mar","Sevilla, Spain","https://placetodance.com/festivals/calendar/68779f2db9da100c7000b610","https://www.facebook.com/events/1170700618133393/","loves_kizomba_origins_2026_35.jpg","https://tp.media/r?marker=598952&trs=394660&p=4114&u=https%3A%2F%2Fwww.aviasales.com%2Fsearch%2FORY2003SVQ11%3Fdestination_airports%3D0&campaign_id=100","March"
"CARLOS & PAZ - 11th edition of Warsaw Bachata Meet Up!","20 Mar","23 Mar","Warsaw, Poland","https://placetodance.com/festivals/calendar/68779f2db9da100c7000babd","https://www.facebook.com/events/2062132247607016/","carlos___paz___11th_edition_of_warsaw_bachata_meet_up__38.jpg","https://tp.media/r?marker=598952&trs=394660&p=4114&u=https%3A%2F%2Fwww.aviasales.com%2Fsearch%2FORY2003WAW11%3Fdestination_airports%3D0&campaign_id=100","March"
"Slovenia Bachata Festival 2026 Official Event","20 Mar","23 Mar","Ljubljana, Slovenia","https://placetodance.com/festivals/calendar/6925f18606f86dbdbfab2634","https://www.facebook.com/events/805386982442222/","slovenia_bachata_festival_2026_official_event_39.jpg","https://tp.media/r?marker=598952&trs=394660&p=4114&u=https%3A%2F%2Fwww.aviasales.com%2Fsearch%2FORY2003LJU11%3Fdestination_airports%3D0&campaign_id=100","March"
"Brux Bachata Congress","26 Mar","30 Mar","Brussels, Belgium","https://placetodance.com/festivals/calendar/68779f2db9da100c7000bab9","https://www.facebook.com/events/680568977792299/","brux_bachata_congress_42.jpg","https://tp.media/r?marker=598952&trs=394660&p=4114&u=https%3A%2F%2Fwww.aviasales.com%2Fsearch%2FORY2603BRU11%3Fdestination_airports%3D0&campaign_id=100","March"
"Cluj Kizomba Festival 8th Edition 2026","26 Mar","30 Mar","Cluj-Napoca, Romania","https://placetodance.com/festivals/calendar/68f68970cfd1f800ad2ef507","https://www.facebook.com/events/1312174937220660","cluj_kizomba_festival_8th_edition_2026_43.jpg","https://tp.media/r?marker=598952&trs=394660&p=4114&u=https%3A%2F%2Fwww.aviasales.com%2Fsearch%2FORY2603CLJ11%3Fdestination_airports%3D0&campaign_id=100","March"
"AB INTERNATIONAL CONGRESS MADRID","27 Mar","30 Mar","Madrid, Spain","https://placetodance.com/festivals/calendar/6925cb9806f86dbdbfab248a","https://www.facebook.com/events/4029500163975590/","ab_international_congress_madrid_47.jpg","https://tp.media/r?marker=598952&trs=394660&p=4114&u=https%3A%2F%2Fwww.aviasales.com%2Fsearch%2FORY2703MAD11%3Fdestination_airports%3D0&campaign_id=100","March"
"Oslo Bachata Festival 2026","27 Mar","30 Mar","Oslo, Norway","https://placetodance.com/festivals/calendar/6925cb9706f86dbdbfab245a","https://www.facebook.com/events/2225330411210780/","oslo_bachata_festival_2026_49.jpg","https://tp.media/r?marker=598952&trs=394660&p=4114&u=https%3A%2F%2Fwww.aviasales.com%2Fsearch%2FORY2703OSL11%3Fdestination_airports%3D0&campaign_id=100","March"
"Riisca Festival 2026 - 3ème Edition","27 Mar","30 Mar","Toulouse, France","https://placetodance.com/festivals/calendar/68779f2db9da100c7000b5fe","https://www.facebook.com/events/1214833346659732/","riisca_festival_2026___3_me_edition_52.jpg","https://tp.media/r?marker=598952&trs=394660&p=4114&u=https%3A%2F%2Fwww.aviasales.com%2Fsearch%2FORY2703TLS11%3Fdestination_airports%3D0&campaign_id=100","March"
"FEELING KIZOMBA FESTIVAL 2026 - Ven con Elsa y Sergi","28 Apr","3 May","Barcelona, Spain","N/A","Non trouvé","feeling_kizomba_festival_2026___ven_con_elsa_y_sergi_0.jpg","https://tp.media/r?marker=598952&trs=394660&p=4114&u=https%3A%2F%2Fwww.aviasales.com%2Fsearch%2FORY2804BCN11%3Fdestination_airports%3D0&campaign_id=100","May"
"Adam Bachata Festival 2026","5 Nov","9 Nov","Amsterdam, Netherlands","https://placetodance.com/festivals/calendar/6925cb9606f86dbdbfab2436","https://www.facebook.com/events/1564388308322653/","adam_bachata_festival_2026_1.jpg","https://tp.media/r?marker=598952&trs=394660&p=4114&u=https%3A%2F%2Fwww.aviasales.com%2Fsearch%2FORY0511AMS11%3Fdestination_airports%3D0&campaign_id=100","November"
"Kizz Ryders ONE Sofia Edition 2026","6 Nov","9 Nov","Sofia, Bulgaria","https://placetodance.com/festivals/calendar/68f680a0cfd1f800ad2ef4cc","https://www.facebook.com/events/1194642955309259","kizz_ryders_one_sofia_edition_2026_4.jpg","https://tp.media/r?marker=598952&trs=394660&p=4114&u=https%3A%2F%2Fwww.aviasales.com%2Fsearch%2FORY0611SOF11%3Fdestination_airports%3D0&campaign_id=100","November"
"Kizomba & Semba Champions Festival 2026 - save the date","13 Nov","16 Nov","Warsaw, Poland","https://placetodance.com/festivals/calendar/6913a421caf0f6bef34db76c","https://www.facebook.com/events/705498828523259/","kizomba___semba_champions_festival_2026___save_the_date_7.jpg","https://tp.media/r?marker=598952&trs=394660&p=4114&u=https%3A%2F%2Fwww.aviasales.com%2Fsearch%2FORY1311WAW11%3Fdestination_airports%3D0&campaign_id=100","November"
"HOT ICE KIZ Festival 2026 11th edition","26 Nov","1 Dec","Riga, Latvia","https://placetodance.com/festivals/calendar/6925f58b06f86dbdbfab26a4","https://www.facebook.com/events/854072490821364/","hot_ice_kiz_festival_2026_11th_edition_10.jpg","https://tp.media/r?marker=598952&trs=394660&p=4114&u=https%3A%2F%2Fwww.aviasales.com%2Fsearch%2FORY2611RIX11%3Fdestination_airports%3D0&campaign_id=100","November"
"BcnDanceLife BACHATA CONGRESS 2026","2 Oct","5 Oct","Barcelona, Spain","https://placetodance.com/festivals/calendar/6925f18206f86dbdbfab2598","https://www.facebook.com/events/1717552742243584/","bcndancelife_bachata_congress_2026_2.jpg","https://tp.media/r?marker=598952&trs=394660&p=4114&u=https%3A%2F%2Fwww.aviasales.com%2Fsearch%2FORY0210BCN11%3Fdestination_airports%3D0&campaign_id=100","October"
"Bachata Geneva Festival 2026 - The Festival of Nations","8 Oct","12 Oct","Geneva\, Switzerland","https://placetodance.com/festivals/calendar/6925cb9806f86dbdbfab2478","https://www.facebook.com/events/25450512424556376/","bachata_geneva_festival_2026___the_festival_of_nations_6.jpg","https://tp.media/r?marker=598952&trs=394660&p=4114&u=https%3A%2F%2Fwww.aviasales.com%2Fsearch%2FORY0810GVA11%3Fdestination_airports%3D0&campaign_id=100","October"
"Mi Bachata Festival (Slovakia)","9 Oct","11 Oct","Bratislava, Slovakia","https://placetodance.com/festivals/calendar/6925f18406f86dbdbfab25ec","https://www.facebook.com/events/2916772541827896/","mi_bachata_festival__slovakia__9.jpg","https://tp.media/r?marker=598952&trs=394660&p=4114&u=https%3A%2F%2Fwww.aviasales.com%2Fsearch%2FORY0910BTS11%3Fdestination_airports%3D0&campaign_id=100","October"
"Official - Tokoos Kizomba Festival 2nd Edition","16 Oct","19 Oct","Paris, France","https://placetodance.com/festivals/calendar/68779f2db9da100c7000b612","https://www.facebook.com/events/583177408136654/","official___tokoos_kizomba_festival_2nd_edition_14.jpg","https://tp.media/r?marker=598952&trs=394660&p=4114&u=https%3A%2F%2Fwww.aviasales.com%2Fsearch%2FORY1610ORY11%3Fdestination_airports%3D0&campaign_id=100","October"
"Bachata Festival London UK - Autumn Edition 1 (16-19 October 2026)","16 Oct","19 Oct","London, United Kingdom","https://placetodance.com/festivals/calendar/6925f18406f86dbdbfab25e0","https://www.facebook.com/events/2908811605996425/","bachata_festival_london_uk___autumn_edition_1__16_19_october_2026__15.jpg","https://tp.media/r?marker=598952&trs=394660&p=4114&u=https%3A%2F%2Fwww.aviasales.com%2Fsearch%2FORY1610LCY11%3Fdestination_airports%3D0&campaign_id=100","October"
"TKF 2026 - TOULOUSE KIZOMBA FESTIVAL","16 Oct","19 Oct","Toulouse, France","https://placetodance.com/festivals/calendar/6913a420caf0f6bef34db74b","https://www.facebook.com/events/1738253163540211/","tkf_2026___toulouse_kizomba_festival_16.jpg","https://tp.media/r?marker=598952&trs=394660&p=4114&u=https%3A%2F%2Fwww.aviasales.com%2Fsearch%2FORY1610TLS11%3Fdestination_airports%3D0&campaign_id=100","October"
"Kizomba Festival London UK - Autumn Edition 2 (16-19 October 2026)","16 Oct","19 Oct","London, United Kingdom","https://placetodance.com/festivals/calendar/6925cb9a06f86dbdbfab24b4","https://www.facebook.com/events/672329758932580/","kizomba_festival_london_uk___autumn_edition_2__16_19_october_2026__18.jpg","https://tp.media/r?marker=598952&trs=394660&p=4114&u=https%3A%2F%2Fwww.aviasales.com%2Fsearch%2FORY1610LCY11%3Fdestination_airports%3D0&campaign_id=100","October"
"Oslo Cuban Salsa Festival 2026","23 Oct","26 Oct","Oslo, Norway","https://placetodance.com/festivals/calendar/68e80f546eb94a22fac268b6","https://www.facebook.com/events/1253548329905733/","oslo_cuban_salsa_festival_2026_20.jpg","https://tp.media/r?marker=598952&trs=394660&p=4114&u=https%3A%2F%2Fwww.aviasales.com%2Fsearch%2FORY2310OSL11%3Fdestination_airports%3D0&campaign_id=100","October"
"KIZOMBA NO PÉ - Festa da Kizomba - 2026","24 Oct","26 Oct","Bordeaux, France","https://placetodance.com/festivals/calendar/6913a421caf0f6bef34db778","https://www.facebook.com/events/809344208548588/","kizomba_no_p____festa_da_kizomba___2026_21.jpg","https://tp.media/r?marker=598952&trs=394660&p=4114&u=https%3A%2F%2Fwww.aviasales.com%2Fsearch%2FORY2410BOD11%3Fdestination_airports%3D0&campaign_id=100","October"
"Kizomba Open Festival Madrid  2026- Official Event","29 Oct","2 Nov","Madrid, Spain","https://placetodance.com/festivals/calendar/6913a420caf0f6bef34db758","https://www.facebook.com/events/4035586653369369/","kizomba_open_festival_madrid__2026__official_event_22.jpg","https://tp.media/r?marker=598952&trs=394660&p=4114&u=https%3A%2F%2Fwww.aviasales.com%2Fsearch%2FORY2910MAD11%3Fdestination_airports%3D0&campaign_id=100","October"
"GLOBAL TARRAXO FESTIVAL PARIS 2026","30 Oct","2 Nov","Paris, France","https://placetodance.com/festivals/calendar/6913a421caf0f6bef34db770","https://www.facebook.com/events/806650825328201/","global_tarraxo_festival_paris_2026_24.jpg","https://tp.media/r?marker=598952&trs=394660&p=4114&u=https%3A%2F%2Fwww.aviasales.com%2Fsearch%2FORY3010ORY11%3Fdestination_airports%3D0&campaign_id=100","October"
"Copenhagen Kizomba Festival 2026","4 Sep","7 Sep","Copenhagen, Denmark","https://placetodance.com/festivals/calendar/68e7b3dd6eb94a22fac267f1","https://www.facebook.com/events/606626482383900/","copenhagen_kizomba_festival_2026_2.jpg","https://tp.media/r?marker=598952&trs=394660&p=4114&u=https%3A%2F%2Fwww.aviasales.com%2Fsearch%2FORY0409CPH11%3Fdestination_airports%3D0&campaign_id=100","September"
"PRAGUE KWANZA FESTIVAL – Summer edition 2026","4 Sep","7 Sep","Prague, Czech Republic","https://placetodance.com/festivals/calendar/68e80f546eb94a22fac268bc","https://www.facebook.com/events/1404081320681213/","prague_kwanza_festival___summer_edition_2026_3.jpg","https://tp.media/r?marker=598952&trs=394660&p=4114&u=https%3A%2F%2Fwww.aviasales.com%2Fsearch%2FORY0409PRG11%3Fdestination_airports%3D0&campaign_id=100","September"
"ALPES BACHATA CONGRESS (Official Event)","4 Sep","7 Sep","Annecy, France","https://placetodance.com/festivals/calendar/68fd1816e9c5d223fe32c8c8","https://www.facebook.com/events/1266732434772793/","alpes_bachata_congress__official_event__4.jpg","https://tp.media/r?marker=598952&trs=394660&p=4114&u=https%3A%2F%2Fwww.aviasales.com%2Fsearch%2FORY0409NCY11%3Fdestination_airports%3D0&campaign_id=100","September"
"Aura Kiz Festival – Second Edition (Turku)","4 Sep","7 Sep","Turku, Finland","https://placetodance.com/festivals/calendar/68f680a0cfd1f800ad2ef4ea","https://www.facebook.com/events/711782341878891","aura_kiz_festival___second_edition__turku__5.jpg","https://tp.media/r?marker=598952&trs=394660&p=4114&u=https%3A%2F%2Fwww.aviasales.com%2Fsearch%2FORY0409TKU11%3Fdestination_airports%3D0&campaign_id=100","September"
"CONTRATEMPO – 10th Edition (Bordeaux)","11 Sep","14 Sep","Bordeaux, France","https://placetodance.com/festivals/calendar/68e80f556eb94a22fac268dd","https://www.facebook.com/events/835316032991591/","contratempo___10th_edition__bordeaux__9.jpg","https://tp.media/r?marker=598952&trs=394660&p=4114&u=https%3A%2F%2Fwww.aviasales.com%2Fsearch%2FORY1109BOD11%3Fdestination_airports%3D0&campaign_id=100","September"
"MUKUA Festival Paris 2026 - Official Event - 5th Edition","11 Sep","14 Sep","Paris, France","https://placetodance.com/festivals/calendar/68f680a0cfd1f800ad2ef4c6","https://www.facebook.com/events/1092253766354820","mukua_festival_paris_2026___official_event___5th_edition_11.jpg","https://tp.media/r?marker=598952&trs=394660&p=4114&u=https%3A%2F%2Fwww.aviasales.com%2Fsearch%2FORY1109ORY11%3Fdestination_airports%3D0&campaign_id=100","September"
"Único Warsaw Bachata Festival 2026","18 Sep","20 Sep","Warsaw, Poland","https://placetodance.com/festivals/calendar/68fd1816e9c5d223fe32c8d8","https://www.facebook.com/events/1642771840019495/","_nico_warsaw_bachata_festival_2026_15.jpg","https://tp.media/r?marker=598952&trs=394660&p=4114&u=https%3A%2F%2Fwww.aviasales.com%2Fsearch%2FORY1809WAW11%3Fdestination_airports%3D0&campaign_id=100","September"
"Vienna Bachata Congress 2026","18 Sep","21 Sep","Vienna, Austria","https://placetodance.com/festivals/calendar/68fd1218e9c5d223fe32c891","https://www.facebook.com/events/1252721403322475/","vienna_bachata_congress_2026_16.jpg","https://tp.media/r?marker=598952&trs=394660&p=4114&u=https%3A%2F%2Fwww.aviasales.com%2Fsearch%2FORY1809VIE11%3Fdestination_airports%3D0&campaign_id=100","September"
"15 Urodziny LOFToDANCE | Save the date!","19 Sep","20 Sep","Krakow, Poland","https://placetodance.com/festivals/calendar/6925f18506f86dbdbfab2610","https://www.facebook.com/events/661539059905301/","15_urodziny_loftodance___save_the_date__19.jpg","https://tp.media/r?marker=598952&trs=394660&p=4114&u=https%3A%2F%2Fwww.aviasales.com%2Fsearch%2FORY1909KRK11%3Fdestination_airports%3D0&campaign_id=100","September"
"Prague Salsa Marathon 2026 - autumn edition","24 Sep","29 Sep","Prague, Czechia","https://placetodance.com/festivals/calendar/68fd1816e9c5d223fe32c8f3","https://www.facebook.com/events/2259520767809335/","prague_salsa_marathon_2026___autumn_edition_22.jpg","https://tp.media/r?marker=598952&trs=394660&p=4114&u=https%3A%2F%2Fwww.aviasales.com%2Fsearch%2FORY2409PRG11%3Fdestination_airports%3D0&campaign_id=100","September"
"Croatian Summer Bachata Festival 2026","24 Sep","25 Sep","Zadar , Croatia","https://placetodance.com/festivals/calendar/68779f2db9da100c7000baf1","https://www.facebook.com/events/929175116059015/","croatian_summer_bachata_festival_2026_23.jpg","https://tp.media/r?marker=598952&trs=394660&p=4114&u=https%3A%2F%2Fwww.aviasales.com%2Fsearch%2FORY2409ZAD11%3Fdestination_airports%3D0&campaign_id=100","September"
"Scandinavians biggest bachata festival Malm Bachata Festival (Sweden) 25-27 Sep 2026","25 Sep","28 Sep","Malmo, Sweden","https://placetodance.com/festivals/calendar/6925f18406f86dbdbfab25d4","https://www.facebook.com/events/24833272262994323/","scandinavians_biggest_bachata_festival_malm_bachata_festival__sweden__25_27_sep_2026_29.jpg","https://tp.media/r?marker=598952&trs=394660&p=4114&u=https%3A%2F%2Fwww.aviasales.com%2Fsearch%2FORY2509MMA11%3Fdestination_airports%3D0&campaign_id=100","September"
"Afrofestival Malaga 11th Edition (Official Event - Butterflies)","29 Sep","6 Oct","Málaga, Spain","https://placetodance.com/festivals/calendar/68e81f0f6eb94a22fac268f7","https://www.facebook.com/events/1731902040836829/","afrofestival_malaga_11th_edition__official_event___butterflies__31.jpg","https://tp.media/r?marker=598952&trs=394660&p=4114&u=https%3A%2F%2Fwww.aviasales.com%2Fsearch%2FORY2909AGP11%3Fdestination_airports%3D0&campaign_id=100","September"
