Titre,Date_Depart,Date_Retour,Ville,Lien_Source,Lien_Facebook,Mois,IATA_Manuel
"KIZZ KISS Festival 2026 - Dream Reloaded","5 Feb","9 Feb","Slovenija, Slovenia","https://placetodance.com/festivals/calendar/68779f2db9da100c7000b68f","https://www.facebook.com/events/1197320138404954/","February",""
"Latinfest Feb 2026","6 Feb","9 Feb","Torquay, United Kingdom","https://placetodance.com/festivals/calendar/68fd1218e9c5d223fe32c8ad","https://www.facebook.com/events/776649495356385/","February",""
"BE COOL FESTIVAL 4 EDITION LOUP GAROU","6 Feb","9 Feb","Vélizy-Villacoublay, France","https://placetodance.com/festivals/calendar/68e7ca906eb94a22fac26866","https://www.facebook.com/events/1193376698880948/","February",""
"SALSA & TREK CUBA (Havana, Trinidad, Lake Hanabanilla & The Escambray Mountains)","9 Feb","19 Feb",", United Kingdom","https://placetodance.com/festivals/calendar/6925cb9606f86dbdbfab242a","https://www.facebook.com/events/1512219856699575/","February",""
"Back 2 Basic Kizomba - Winter Edition Paris 2026","13 Feb","15 Feb","Vitry-Sur-Seine, France","https://placetodance.com/festivals/calendar/68779f2db9da100c7000b641","https://www.facebook.com/events/1318845236103416/","February",""
"Sb Spain World Congress 2026","19 Feb","22 Feb","Benidorm, Spain","https://placetodance.com/festivals/calendar/68861ce24a97ca6427ee4adf","https://www.facebook.com/events/1438268664288526","February",""
"Bachata Mastery Festival 2026","19 Feb","23 Feb","Köln, Germany","https://placetodance.com/festivals/calendar/68779f2db9da100c7000baf7","https://www.facebook.com/events/1901982347280293/","February",""
"Wakanda Festival 2026 Paris - 5th Edition (Official)","20 Feb","23 Feb","Roissy-En-France, France","https://placetodance.com/festivals/calendar/68849b448dbff31b59015561","https://www.facebook.com/events/1840625616753828/","February",""
"Soul Dance Bachata Festival (with DJ Fuego) – Feb 2026","20 Feb","22 Feb","Lloret De Mar, Spain","https://placetodance.com/festivals/calendar/68e80f546eb94a22fac268da","https://www.facebook.com/events/705247435674894/","February",""
"Souldance Vol.6 2026","20 Feb","23 Feb","Santa Susanna, Spain","https://placetodance.com/festivals/calendar/68e80f546eb94a22fac268ad","https://www.facebook.com/events/1046647374020554/","February",""
"L'immersion Caribbean Dream - La croisière SBK dans les Caraïbes","21 Feb","28 Feb","Fort-De-France, Martinique","https://placetodance.com/festivals/calendar/6884c1558dbff31b590155ab","https://www.facebook.com/events/918132140078543","February",""
"BACHATATION 2026 Germany's Bachata Festival KARLSRUHE","26 Feb","1 Mar","Karlsruhe, Germany","https://placetodance.com/festivals/calendar/68779f2db9da100c7000baf6","https://www.facebook.com/events/1810553086397310/","February",""
"ATLANTA Salsa & Bachata Festival 2026","27 Feb","2 Mar",", Italy","https://placetodance.com/festivals/calendar/6925cb9906f86dbdbfab24a8","https://www.facebook.com/events/658157720378102/","February",""
"Bachata Czech Republic Festival 2026","27 Feb","1 Mar","Praha, Czech Republic","https://placetodance.com/festivals/calendar/68779f2db9da100c7000bb01","https://www.facebook.com/events/1818540488921503/","February",""
"Tropical Bachata Festival 1","27 Feb","1 Mar",", France","https://placetodance.com/festivals/calendar/6925cb9506f86dbdbfab2412","https://www.facebook.com/events/1346485086923273/","February",""
"Fever Bachata Zaragoza Congress 2026 AniMagic Edition","27 Feb","1 Mar","Zaragoza, Spain","https://placetodance.com/festivals/calendar/68861ce24a97ca6427ee4af1","https://www.facebook.com/events/2069357560231358","February",""
"Latina Sol Kiz Festival 2026","27 Feb","1 Mar","L’Isle-D’Espagnac, France","https://placetodance.com/festivals/calendar/688629e24a97ca6427ee4b58","https://www.facebook.com/events/640614591781073/","February",""
"Vi Sbk Weekend Ourense","28 Feb","2 Mar","Ourense, Spain","https://placetodance.com/festivals/calendar/68e7ca906eb94a22fac26886","https://www.facebook.com/events/727158222970961/","February",""
"Djumbai Afro Festival - 5th Edition","6 Mar","8 Mar","Costa Da Caparica, Portugal","https://placetodance.com/festivals/calendar/68e7ca906eb94a22fac26889","https://www.facebook.com/events/938658478477525/","March",""
"Week-End A Danser Iv","6 Mar","8 Mar","SEYSSES , France","https://placetodance.com/festivals/calendar/68779f2db9da100c7000b604","https://www.facebook.com/events/1198016791737914/","March",""
"I Will Dance Festival 5","12 Mar","16 Mar","Lieusaint, France","https://placetodance.com/festivals/calendar/68779f2db9da100c7000b5fb","https://www.facebook.com/events/1197400349059658/","March",""
"Arrasando Cuban Afro-Salsa Festival 2026","13 Mar","15 Mar",", Germany","https://placetodance.com/festivals/calendar/6925cb9b06f86dbdbfab24de","https://www.facebook.com/events/783471297715306/","March",""
"Bachata Day  11 Edition  13-14-15 March 2026  Official Event","13 Mar","16 Mar","Montresor Hotel Tower, Italy","https://placetodance.com/festivals/calendar/68861ce24a97ca6427ee4ad9","https://www.facebook.com/events/1353385045773295","March",""
"Legacy Fusion Festival 2026","13 Mar","16 Mar","Chaponnay, France","https://placetodance.com/festivals/calendar/68779f2db9da100c7000bafa","https://www.facebook.com/events/3110823402401919/","March",""
"Kim Madrid 2026 Official Event","13 Mar","16 Mar",", Spain","https://placetodance.com/festivals/calendar/68861ce24a97ca6427ee4b07","https://www.facebook.com/events/724735086766217","March",""
"LoveMI Kizomba Festival - 2nd Edition - All In One","20 Mar","23 Mar","Milano, Italy","https://placetodance.com/festivals/calendar/68779f2db9da100c7000b65c","https://www.facebook.com/events/1467399280884164/","March",""
"Paris Afro Latin Congress 2026","20 Mar","23 Mar","Roissy, France","https://placetodance.com/festivals/calendar/68779f2db9da100c7000b63d","https://www.facebook.com/events/3136349113185093/","March",""
"Kizbomba - Evolution 2026","20 Mar","23 Mar","Vösendorf, Austria","https://placetodance.com/festivals/calendar/68779f2db9da100c7000b5fd","https://www.facebook.com/events/676820304797988/","March",""
"El Teteo - W&P Edition","20 Mar","22 Mar","Zaandam, Netherlands","https://placetodance.com/festivals/calendar/68fd1816e9c5d223fe32c8ea","https://www.facebook.com/events/2012273182841991/","March",""
"Bachata Salsa Zouk & Kizomba Festival in Essen","20 Mar","23 Mar","Essen, Germany","https://placetodance.com/festivals/calendar/68f68970cfd1f800ad2ef51c","https://www.facebook.com/events/2287181225077089/","March",""
"Frankfurt Spring Bachathon 2026 - Germany's Bachata Marathon","26 Mar","30 Mar","Offenbach Am Main, Germany","https://placetodance.com/festivals/calendar/68779f2db9da100c7000b60b","https://www.facebook.com/events/4159420777716752/","March",""
"International Mambo–Salsa–Bachata–Kizomba Congress (Wels) 2026","26 Mar","30 Mar","Wels, Austria","https://placetodance.com/festivals/calendar/68e80f546eb94a22fac268d4","https://www.facebook.com/events/531753026187350/","March",""
"VAMOS TCHILAR FESTIVAL6.MASTERS & SOCIAl","27 Mar","29 Mar","Bienne, Switzerland","https://placetodance.com/festivals/calendar/68779f2db9da100c7000b645","https://www.facebook.com/events/651245377626270/","March",""
"KIZCON 6 KIZOMBA FESTIVAL BEACH EDITION","27 Mar","2 Apr","Salobrena, Spain","https://placetodance.com/festivals/calendar/68779f2db9da100c7000b616","https://www.facebook.com/events/971997838353139/","March",""
"Dax Kizomba Weekender","27 Mar","29 Mar","Dax, France","https://placetodance.com/festivals/calendar/68e80f546eb94a22fac268b9","https://www.facebook.com/events/1266813371844083/","March",""
"SÄNTIS KIZ FESTIVAL 27-29 MARCH 2026","27 Mar","30 Mar","St. Gallen, Switzerland","https://placetodance.com/festivals/calendar/68849b448dbff31b5901556d","https://www.facebook.com/events/664872276474692/","March",""
"ROCHEFORT SALSA FESTIVAL 11EME EDITION - #RSF11","27 Mar","31 Mar","Breuil-Magné, France","https://placetodance.com/festivals/calendar/689a474f47951c2e5078ec62","https://www.facebook.com/events/735837652473304/","March",""
"VIVA LATIN EASTER BRUSSELS Bachata sensual & Kizomba","3 Apr","6 Apr","Nivelles, Belgium","https://placetodance.com/festivals/calendar/68779f2db9da100c7000b658","https://www.facebook.com/events/635840049054924/","April",""
"Pau Royal Kizomba Festival - 3ème Édition","3 Apr","5 Apr","Lescar, France","https://placetodance.com/festivals/calendar/68779f2db9da100c7000b60f","https://www.facebook.com/events/648144664519621/","April",""
"Hot Tropical Dance MáLaga","8 Apr","13 Apr","Fuengirola , Spain","https://placetodance.com/festivals/calendar/68779f2db9da100c7000b5fc","https://www.facebook.com/events/1960971431409094/","April",""
"Frenzy Easter Edition 2026","9 Apr","13 Apr","Cracovie, Poland","https://placetodance.com/festivals/calendar/68779f2db9da100c7000b60a","https://www.facebook.com/events/1192824395900705/","April",""
"BELGIUM KIZZ ME BACHAMORE FESTIVAL 2026","10 Apr","13 Apr","Mons, Belgium","https://placetodance.com/festivals/calendar/68779f2db9da100c7000b618","https://www.facebook.com/events/1198289688348884/","April",""
"Serbian Sensual Festival | Faith ReConnect 2026","17 Apr","20 Apr","Novi Sad, Serbia","https://placetodance.com/festivals/calendar/68e80f546eb94a22fac268d1","https://www.facebook.com/events/525050733934687/","April",""
"Karipande THE 1TH ITALIAN FESTIVAL OF ANGOLAN CULTURE","17 Apr","19 Apr","Terni, Italy","https://placetodance.com/festivals/calendar/68779f2db9da100c7000b611","https://www.facebook.com/events/686723767627929/","April",""
"Costa Del Salsa 2026","23 Apr","30 Apr","Torremolinos, Spain","https://placetodance.com/festivals/calendar/688629e24a97ca6427ee4b4c","https://www.facebook.com/events/1753120205412766/","April",""
"FEVER BACHATA WORLD CONGRESS 2026 - Game of Hogwarts","23 Apr","26 Apr","Gandia, Spain","https://placetodance.com/festivals/calendar/68779f2db9da100c7000babb","https://www.facebook.com/events/647834974729291/","April",""
"ATLANTIK CORAZON FESTIVAL 2026 OCEAN KIZOMBA BEACH SALSA / BACHATA","23 Apr","27 Apr","Saint-Nazaire, France","https://placetodance.com/festivals/calendar/68fd1816e9c5d223fe32c8e1","https://www.facebook.com/events/1846700016186434/","April",""
"ANGOLAN DANCES FESTIVAL 4th Edition 2026","24 Apr","27 Apr","Lisbonne, Portugal","https://placetodance.com/festivals/calendar/68779f2db9da100c7000b608","https://www.facebook.com/events/703243178899760/","April",""
"Elemental Unity Kiz – All in one Hotel Meersburg","24 Apr","27 Apr","Meersburg, Germany","https://placetodance.com/festivals/calendar/68e81f0f6eb94a22fac268fa","https://www.facebook.com/events/1805878230019420/","April",""
"Horuce Tatry, 26. Edicia","30 Apr","3 May","Jasna, Slovakia","https://placetodance.com/festivals/calendar/6925cb9606f86dbdbfab241e","https://www.facebook.com/events/1379592986528736/","April",""
"Munich goes to 10th World Stars Salsa Festival in Varna/Bulgaria","30 Apr","4 May","Albena, Bulgaria","https://placetodance.com/festivals/calendar/689a474f47951c2e5078ec65","https://www.facebook.com/events/740739981668499/","April",""
"Fresh Kiz Festival - 3rd Edition","1 May","4 May","Aulnay-Sous-Bois, France","https://placetodance.com/festivals/calendar/68779f2db9da100c7000b5f6","https://www.facebook.com/events/4063127104005472/","May",""
"TréLazé Salsa Festival 2026","1 May","3 May","Trélazé, France","https://placetodance.com/festivals/calendar/688629e24a97ca6427ee4b4f","https://www.facebook.com/events/23930629863263291/","May",""
"Bachata Spain World Congress 2026","5 May","11 May","Punta Umbría, Spain","https://placetodance.com/festivals/calendar/68861ce24a97ca6427ee4aee","https://www.facebook.com/events/2033820400719162","May",""
"Albania Afrolatin Festival","6 May","12 May","Durrës, Albania","https://placetodance.com/festivals/calendar/68779f2db9da100c7000b5f7","https://www.facebook.com/events/3050258841818021/","May",""
"Sexy'Kiz Spring Weekender 2026","9 May","11 May","Pessac, France","https://placetodance.com/festivals/calendar/68e81f0f6eb94a22fac26906","https://www.facebook.com/events/585093857368029/","May",""
"WANTED FESTIVAL NUMÉRO 5 KIZOMBA & BACHATA TROYES","14 May","17 May","Troyes, France","https://placetodance.com/festivals/calendar/6884c1558dbff31b59015581","https://www.facebook.com/events/1075653138003169","May",""
"Passion Kizz Beach Edition","14 May","19 May","Matalascañas, Spain","https://placetodance.com/festivals/calendar/68fd1218e9c5d223fe32c8b3","https://www.facebook.com/events/819256820605224/","May",""
"Une Douce Tarraxinha FESTIVAL 2026","15 May","18 May","Mauguio, France","https://placetodance.com/festivals/calendar/68e7bb206eb94a22fac2682b","https://www.facebook.com/events/1413305706357662/","May",""
"Dança Bonita SBK Festival & Beach Party - 4th Edition","15 May","18 May",", Portugal","https://placetodance.com/festivals/calendar/689a283347951c2e5078ebef","https://www.facebook.com/events/657054327152874/","May",""
"Kizz & Peace Ii","15 May","17 May","Schlierbach, France","https://placetodance.com/festivals/calendar/68779f2db9da100c7000b5fa","https://www.facebook.com/events/565153059965443/","May",""
"OKIZ FESTIVAL 2026 - ALL IN ONE - 9th Edition","20 May","25 May","Biograd, Croatia","https://placetodance.com/festivals/calendar/6884c1558dbff31b590155a5","https://www.facebook.com/events/688099924154517","May",""
"OPEN SUMMER FESTIVAL 2026 ☀️ Holiday Edition - Algarve, Portugal","21 May","25 May","Albufeira, Portugal","https://placetodance.com/festivals/calendar/68e7bb206eb94a22fac26822","https://www.facebook.com/events/1144397577449838/","May",""
"15th Anniversary Salsa Spring Festival 2026 Greece","21 May","24 May","Greece, Greece","https://placetodance.com/festivals/calendar/68861ce24a97ca6427ee4ad3","https://www.facebook.com/events/1281325703700597","May",""
"Mambo Vikings go to Salsa Spring Festival 2026","21 May","24 May","Loutraki, Greece","https://placetodance.com/festivals/calendar/68fd1218e9c5d223fe32c8b0","https://www.facebook.com/events/797561536474462/","May",""
"VALENCIA BAILA Peñíscola Edition 2026","21 May","24 May","Peñíscola, Spain","https://placetodance.com/festivals/calendar/68779f2db9da100c7000bab3","https://www.facebook.com/events/1215931972878176/","May",""
"Kizomba Treat Festival - 5th Edition The Majestic 5","22 May","25 May","Région Flamande, Belgium","https://placetodance.com/festivals/calendar/68779f2db9da100c7000b614","https://www.facebook.com/events/994499346221944/","May",""
"KizombaInvasion Stuttgart 9 th Edition","22 May","25 May","Ludwigsburg, Germany","https://placetodance.com/festivals/calendar/68e7bb206eb94a22fac26831","https://www.facebook.com/events/1769097353696161/","May",""
"Cracow Bachata Experience 5th Anniversary Edition","23 May","25 May","Cracow, Poland","https://placetodance.com/festivals/calendar/68779f2db9da100c7000bab6","https://www.facebook.com/events/1043865113855411/","May",""
"Kianda Festival 22.5.-24.5.2026","23 May","24 May","Biel/Bienne, Switzerland","https://placetodance.com/festivals/calendar/68e7bb216eb94a22fac26837","https://www.facebook.com/events/2416668415381663/","May",""
"Festn'Kiz Party Spring Edition","23 May","24 May","Saligny, France","https://placetodance.com/festivals/calendar/68779f2db9da100c7000b694","https://www.facebook.com/events/552917020785032/","May",""
"Kizmeup Paris Festival 2026","28 May","1 Jun","ROISSY EN FRANCE, France","https://placetodance.com/festivals/calendar/68779f2db9da100c7000b613","https://www.facebook.com/events/696413653359339/","May",""
"Selp 2026","28 May","1 Jun","Le Bois-Plage-En-Ré, France","https://placetodance.com/festivals/calendar/688629e24a97ca6427ee4b40","https://www.facebook.com/events/1376112740281514/","May",""
"Summer Bachata Festival ROVINJ 2026","5 Jun","9 Jun","Rovinj, Croatia","https://placetodance.com/festivals/calendar/689a474f47951c2e5078ec5c","https://www.facebook.com/events/723845263715072/","June",""
"Kizomba Beach Festival","5 Jun","8 Jun","Blankenberge, Belgium","https://placetodance.com/festivals/calendar/68779f2db9da100c7000b6bb","https://www.facebook.com/events/327113366981482/","June",""
"Week-End Danse éVasion 2026","5 Jun","8 Jun","Le Muy, France","https://placetodance.com/festivals/calendar/688629e24a97ca6427ee4b28","https://www.facebook.com/events/1090682379598594/","June",""
"KIZOMBA GALA CHALLENGE FESTIVAL VII - Pela Cultura Edition","11 Jun","15 Jun","Saint-Herblain, France","https://placetodance.com/festivals/calendar/68e7bb216eb94a22fac2683d","https://www.facebook.com/events/692114300373369/","June",""
"FESTIVAL LATINA TRIP BREIZH 2026","13 Jun","15 Jun","Pléneuf-Val-André, France","https://placetodance.com/festivals/calendar/689a524347951c2e5078ec89","https://www.facebook.com/events/3732116527091953/","June",""
"PIRATE FEST 2026 - Vente con Ramón y Denise","18 Jun","21 Jun","San Javier, Spain","https://placetodance.com/festivals/calendar/68fd1816e9c5d223fe32c8ed","https://www.facebook.com/events/2014899519293631/","June",""
"KIZ GOT TALENT BY TAMASHA SUMMER FESTIVAL","18 Jun","22 Jun","La Londe-Les-Maures, France","https://placetodance.com/festivals/calendar/6925f58a06f86dbdbfab2698","https://www.facebook.com/events/772674709117202/","June",""
"Camargue Bachata Zouk festival 2026","19 Jun","22 Jun","Camargue, France","https://placetodance.com/festivals/calendar/6925f18606f86dbdbfab263a","https://www.facebook.com/events/813292148361613/","June",""
"Ginga Boo UK Kizomba Festival 9th Edition - GBKF UK 19/22nd June 26","20 Jun","22 Jun","Milton Keynes, United Kingdom","https://placetodance.com/festivals/calendar/6884c1558dbff31b590155a8","https://www.facebook.com/events/725791099978447","June",""
"ANWA Signature Bachata Congress 2026","20 Jun","21 Jun","Osny, France","https://placetodance.com/festivals/calendar/68fd2269e9c5d223fe32c940","https://www.facebook.com/events/2645429179127395/","June",""
"KKC KIZZVENLO KIZOMBA CONGRESS 2026. ALL IN ONE","26 Jun","29 Jun","Sevenum, Netherlands","https://placetodance.com/festivals/calendar/6884c1558dbff31b5901558a","https://www.facebook.com/events/1254265496240058","June",""
"SAOCO Bachata Festival D 26-28.06.2026","26 Jun","28 Jun","Dusseldorf, Germany","https://placetodance.com/festivals/calendar/6925f18406f86dbdbfab25e6","https://www.facebook.com/events/2908908665979740/","June",""
"Loves Kizomba Summer Fest 2026","1 Jul","7 Jul","Benacazón, Spain","https://placetodance.com/festivals/calendar/68e7bb206eb94a22fac2682e","https://www.facebook.com/events/1651344175563437/","July",""
"LKW – LION KINGS WEEKEND 6th (Summer) – All In One","3 Jul","6 Jul","Bron, France","https://placetodance.com/festivals/calendar/68e80f546eb94a22fac268d7","https://www.facebook.com/events/696559052994937/","July",""
"Sicilia Salsa Festival 2026","6 Jul","13 Jul","Ali Terme, Italy","https://placetodance.com/festivals/calendar/68fd1816e9c5d223fe32c90e","https://www.facebook.com/events/3792344227729762/","July",""
"Hungarian Summer Salsa-Sensual Festival 2026","7 Jul","13 Jul","Balatonfüred, Hungary","https://placetodance.com/festivals/calendar/688629e24a97ca6427ee4b2b","https://www.facebook.com/events/1106028128090747/","July",""
"Official – Kizz Me More Festival – 10th Anniversary","9 Jul","13 Jul",", Poland","https://placetodance.com/festivals/calendar/68e7b3dd6eb94a22fac267f4","https://www.facebook.com/events/626722970266672/","July",""
"Global Tarraxo Spain (Barcelona)","9 Jul","13 Jul","La Pineda, Spain","https://placetodance.com/festivals/calendar/68e81f0f6eb94a22fac26903","https://www.facebook.com/events/4071196939760434/","July",""
"Düsseldorf International Salsa Festival","11 Jul","13 Jul","Düsseldorf, Germany","https://placetodance.com/festivals/calendar/68fd1816e9c5d223fe32c8cb","https://www.facebook.com/events/1319246156595040/","July",""
"Riviera Latin Fest 2026","13 Jul","20 Jul","Mandelieu-La-Napoule, France","https://placetodance.com/festivals/calendar/689a283247951c2e5078ebe0","https://www.facebook.com/events/1463109518448070/","July",""
"2K FESTIVAL 2026 - SALSA BACHATA KIZOMBA & CO","17 Jul","19 Jul","Le Touquet-Paris-Plage, France","https://placetodance.com/festivals/calendar/68e7b3dd6eb94a22fac267dc","https://www.facebook.com/events/1125977312352105/","July",""
"Official I LOVE KIZOMBA SENSUAL FESTIVAL 11th ed","3 Aug","11 Aug","Hoofddorp, Netherlands","https://placetodance.com/festivals/calendar/6925f58a06f86dbdbfab2692","https://www.facebook.com/events/701547852984636/","August",""
"ALB KIZOMBA FESTIVAL 9ème édition","6 Aug","10 Aug","Aix-Les-Bains, France","https://placetodance.com/festivals/calendar/68e7b3dd6eb94a22fac26806","https://www.facebook.com/events/773970975622978/","August",""
"4. Festival de Bachata Heidelberg 2026","7 Aug","11 Aug","Heidelberg, Germany","https://placetodance.com/festivals/calendar/6925f18106f86dbdbfab2568","https://www.facebook.com/events/1135368051768196/","August",""
"KIZchamp Dance Festival 2026 – Castle of Poděbrady","20 Aug","24 Aug","Poděbrady, Czech Republic","https://placetodance.com/festivals/calendar/68f680a0cfd1f800ad2ef4f0","https://www.facebook.com/events/731711803108253","August",""
"elSol Tisno Dance City 16-21 Sept 2026 OFFICIAL EVENT","16 Sep","21 Sep","Tisno, Croatia","https://placetodance.com/festivals/calendar/68fd1816e9c5d223fe32c90b","https://www.facebook.com/events/966783992297799/","September",""
"Rényon Kizomba Flavour Festival – Édition La Piraterie","17 Sep","21 Sep","Saint-Paul (Réunion), France","https://placetodance.com/festivals/calendar/68f680a0cfd1f800ad2ef4db","https://www.facebook.com/events/1544797193370269","September",""
"KIZNYOU NON STOP VIII - Official Event","18 Sep","21 Sep","Tomblaine, France","https://placetodance.com/festivals/calendar/68f680a0cfd1f800ad2ef4d8","https://www.facebook.com/events/1509430836865893","September",""
"Kamba Kizomba Festival - Concours Jeunes Talents","25 Sep","28 Sep","Angers, France","https://placetodance.com/festivals/calendar/68f680a0cfd1f800ad2ef4c9","https://www.facebook.com/events/1123894792667282","September",""
"On2 Salsa Congress 2026","25 Sep","28 Sep","Genova, Italy","https://placetodance.com/festivals/calendar/68fd1218e9c5d223fe32c89a","https://www.facebook.com/events/1547566863274687/","September",""
"Levante Kizomba Festival 2026","25 Sep","28 Sep","Monopoli, Italy","https://placetodance.com/festivals/calendar/68f680a0cfd1f800ad2ef4e4","https://www.facebook.com/events/2533250520391344","September",""
"SBK MALLORCA 2026 With Eagle Salsa Tours","28 Sep","4 Oct","Paguera, United Kingdom","https://placetodance.com/festivals/calendar/6925cb9406f86dbdbfab23d9","https://www.facebook.com/events/1097417355800365/","September",""
"KizzNfection International Festival 3rd Edition - 2026","2 Oct","5 Oct","Nuremberg, Germany","https://placetodance.com/festivals/calendar/6913a420caf0f6bef34db750","https://www.facebook.com/events/2086523041882440/","October",""
"VIBRANCE VIP BACHATA CONGRESS 2026 - Vente con Ramón y Denise","8 Oct","12 Oct","Gandía, Spain","https://placetodance.com/festivals/calendar/68fd1816e9c5d223fe32c8f0","https://www.facebook.com/events/2019877448785061/","October",""
"Magickiz 9-10-11 Ottobre 2026","9 Oct","11 Oct","Ameglia, Italy","https://placetodance.com/festivals/calendar/6913a421caf0f6bef34db768","https://www.facebook.com/events/668206129344392/","October",""
"KiMa - International Marche Festival 2026 11th Edition","15 Oct","18 Oct","Marche, Italy","https://placetodance.com/festivals/calendar/6925f18106f86dbdbfab256e","https://www.facebook.com/events/1158355882384244/","October",""
"DDF 26 (Deutschland Dance Festival 2026)","16 Oct","18 Oct","Dachau, Germany","https://placetodance.com/festivals/calendar/68fd1816e9c5d223fe32c908","https://www.facebook.com/events/838535185488076/","October",""
"Fic 2026","23 Oct","26 Oct","Orange, France","https://placetodance.com/festivals/calendar/6925f18706f86dbdbfab264c","https://www.facebook.com/events/843340984759913/","October",""
"Le Marathon d Elite 6th Edition & Tarraxami","6 Nov","8 Nov","Abano Terme, Italy","https://placetodance.com/festivals/calendar/6925cb9606f86dbdbfab2442","https://www.facebook.com/events/1829471151023521/","November",""
"Sensation Dance Congress 2026 - 5th Edition","6 Nov","9 Nov","Vigneux-De-Bretagne, France","https://placetodance.com/festivals/calendar/6925f58a06f86dbdbfab268c","https://www.facebook.com/events/3097611690420641/","November",""
"15th Transilvania Salsa Fest, 19-23 Nov 2026, Cluj-Napoca, Romania","19 Nov","23 Nov",", Romania","https://placetodance.com/festivals/calendar/6925cb9606f86dbdbfab2430","https://www.facebook.com/events/1547563706147716/","November",""
"Paris Kizomba Congress 2026","19 Nov","23 Nov","Tremblay-En-France, France","https://placetodance.com/festivals/calendar/6925f58b06f86dbdbfab269e","https://www.facebook.com/events/789837604058035/","November",""
